19:54:18.426,0x7DF,STD,8,RX,00 00 00 00 00 00 00 00
19:54:18.426,0x7DF,STD,8,RX,00 00 00 00 00 00 00 00
19:54:18.426,0x7DF,STD,8,RX,00 00 00 00 00 00 00 00
19:54:18.426,0x7DF,STD,8,RX,00 00 00 00 00 00 00 00
19:54:18.427,0x7DF,STD,8,RX,00 00 00 00 00 00 00 00
19:54:18.427,0x7DF,STD,8,RX,00 00 00 00 00 00 00 00
19:54:18.427,0x7DF,STD,8,RX,00 00 00 00 00 00 00 00
19:54:18.427,0x7DF,STD,8,RX,00 00 00 00 00 00 00 00
19:54:18.427,0x7DF,STD,8,TX,00 00 00 00 00 00 00 00
19:54:18.492,0x7DF,STD,8,TX,00 00 00 00 00 00 00 00
19:54:18.509,0x7DF,STD,8,TX,00 00 00 00 00 00 00 00
19:54:18.531,0x7DF,STD,8,TX,00 00 00 00 00 00 00 00
19:54:18.550,0x7DF,STD,8,TX,00 00 00 00 00 00 00 00
19:54:18.570,0x7DF,STD,8,TX,00 00 00 00 00 00 00 00
19:54:18.589,0x7DF,STD,8,TX,00 00 00 00 00 00 00 00
19:54:18.608,0x7DF,STD,8,TX,00 00 00 00 00 00 00 00
19:54:18.628,0x7DF,STD,8,TX,00 00 00 00 00 00 00 00
19:54:18.629,0x7DF,STD,8,RX,00 00 00 00 00 00 00 00
19:54:18.629,0x7DF,STD,8,RX,00 00 00 00 00 00 00 00
19:54:18.630,0x7DF,STD,8,RX,00 00 00 00 00 00 00 00
19:54:18.630,0x7DF,STD,8,RX,00 00 00 00 00 00 00 00
19:54:18.630,0x7DF,STD,8,RX,00 00 00 00 00 00 00 00
19:54:18.631,0x7DF,STD,8,RX,00 00 00 00 00 00 00 00
19:54:18.631,0x7DF,STD,8,RX,00 00 00 00 00 00 00 00
19:54:18.631,0x7DF,STD,8,RX,00 00 00 00 00 00 00 00
19:54:18.654,0x7DF,STD,8,TX,00 00 00 00 00 00 00 00
19:54:18.673,0x7DF,STD,8,TX,00 00 00 00 00 00 00 00
19:54:18.688,0x7DF,STD,8,TX,00 00 00 00 00 00 00 00
19:54:18.700,0x7DF,STD,8,TX,00 00 00 00 00 00 00 00
19:54:18.713,0x7DF,STD,8,TX,00 00 00 00 00 00 00 00
19:54:18.730,0x7DF,STD,8,TX,00 00 00 00 00 00 00 00
19:54:18.750,0x7DF,STD,8,TX,00 00 00 00 00 00 00 00
19:54:18.767,0x7DF,STD,8,TX,00 00 00 00 00 00 00 00
19:54:18.781,0x7DF,STD,8,TX,00 00 00 00 00 00 00 00
19:54:18.792,0x7DF,STD,8,TX,00 00 00 00 00 00 00 00
19:54:18.802,0x7DF,STD,8,TX,00 00 00 00 00 00 00 00
19:54:18.814,0x7DF,STD,8,TX,00 00 00 00 00 00 00 00
19:54:18.825,0x7DF,STD,8,TX,00 00 00 00 00 00 00 00
19:54:18.835,0x7DF,STD,8,RX,00 00 00 00 00 00 00 00
19:54:18.835,0x7DF,STD,8,RX,00 00 00 00 00 00 00 00
19:54:18.835,0x7DF,STD,8,RX,00 00 00 00 00 00 00 00
19:54:18.835,0x7DF,STD,8,RX,00 00 00 00 00 00 00 00
19:54:18.836,0x7DF,STD,8,RX,00 00 00 00 00 00 00 00
19:54:18.836,0x7DF,STD,8,RX,00 00 00 00 00 00 00 00
19:54:18.836,0x7DF,STD,8,RX,00 00 00 00 00 00 00 00
19:54:18.836,0x7DF,STD,8,RX,00 00 00 00 00 00 00 00
19:54:18.836,0x7DF,STD,8,RX,00 00 00 00 00 00 00 00
19:54:18.837,0x7DF,STD,8,RX,00 00 00 00 00 00 00 00
19:54:18.837,0x7DF,STD,8,RX,00 00 00 00 00 00 00 00
19:54:18.837,0x7DF,STD,8,RX,00 00 00 00 00 00 00 00
19:54:18.837,0x7DF,STD,8,RX,00 00 00 00 00 00 00 00
19:54:18.837,0x7DF,STD,8,RX,00 00 00 00 00 00 00 00
19:54:18.838,0x7DF,STD,8,TX,00 00 00 00 00 00 00 00
19:54:18.849,0x7DF,STD,8,TX,00 00 00 00 00 00 00 00
19:54:18.867,0x7DF,STD,8,TX,00 00 00 00 00 00 00 00
19:54:18.889,0x7DF,STD,8,TX,00 00 00 00 00 00 00 00
19:54:18.909,0x7DF,STD,8,TX,00 00 00 00 00 00 00 00
19:54:18.928,0x7DF,STD,8,TX,00 00 00 00 00 00 00 00
19:54:18.947,0x7DF,STD,8,TX,00 00 00 00 00 00 00 00
19:54:18.959,0x7DF,STD,8,TX,00 00 00 00 00 00 00 00
19:54:18.970,0x7DF,STD,8,TX,00 00 00 00 00 00 00 00
19:54:18.982,0x7DF,STD,8,TX,00 00 00 00 00 00 00 00
19:54:18.997,0x7DF,STD,8,TX,00 00 00 00 00 00 00 00
19:54:19.009,0x7DF,STD,8,TX,00 00 00 00 00 00 00 00
19:54:19.021,0x7DF,STD,8,TX,00 00 00 00 00 00 00 00
19:54:19.032,0x7DF,STD,8,TX,00 00 00 00 00 00 00 00
19:54:19.043,0x7DF,STD,8,RX,00 00 00 00 00 00 00 00
19:54:19.043,0x7DF,STD,8,RX,00 00 00 00 00 00 00 00
19:54:19.044,0x7DF,STD,8,RX,00 00 00 00 00 00 00 00
19:54:19.044,0x7DF,STD,8,RX,00 00 00 00 00 00 00 00
19:54:19.044,0x7DF,STD,8,RX,00 00 00 00 00 00 00 00
19:54:19.044,0x7DF,STD,8,RX,00 00 00 00 00 00 00 00
19:54:19.044,0x7DF,STD,8,RX,00 00 00 00 00 00 00 00
19:54:19.044,0x7DF,STD,8,RX,00 00 00 00 00 00 00 00
19:54:19.045,0x7DF,STD,8,RX,00 00 00 00 00 00 00 00
19:54:19.045,0x7DF,STD,8,RX,00 00 00 00 00 00 00 00
19:54:19.045,0x7DF,STD,8,RX,00 00 00 00 00 00 00 00
19:54:19.045,0x7DF,STD,8,RX,00 00 00 00 00 00 00 00
19:54:19.046,0x7DF,STD,8,RX,00 00 00 00 00 00 00 00
19:54:19.046,0x7DF,STD,8,RX,00 00 00 00 00 00 00 00
19:54:19.046,0x7DF,STD,8,TX,00 00 00 00 00 00 00 00
19:54:19.057,0x7DF,STD,8,TX,00 00 00 00 00 00 00 00
19:54:19.068,0x7DF,STD,8,TX,00 00 00 00 00 00 00 00
19:54:19.079,0x7DF,STD,8,TX,00 00 00 00 00 00 00 00
19:54:19.090,0x7DF,STD,8,TX,00 00 00 00 00 00 00 00
19:54:19.101,0x7DF,STD,8,TX,00 00 00 00 00 00 00 00
19:54:19.111,0x7DF,STD,8,TX,00 00 00 00 00 00 00 00
19:54:19.122,0x7DF,STD,8,TX,00 00 00 00 00 00 00 00
19:54:19.133,0x7DF,STD,8,TX,00 00 00 00 00 00 00 00
19:54:19.144,0x7DF,STD,8,TX,00 00 00 00 00 00 00 00
19:54:19.155,0x7DF,STD,8,TX,00 00 00 00 00 00 00 00
19:54:19.166,0x7DF,STD,8,TX,00 00 00 00 00 00 00 00
19:54:19.177,0x7DF,STD,8,TX,00 00 00 00 00 00 00 00
19:54:19.188,0x7DF,STD,8,TX,00 00 00 00 00 00 00 00
19:54:19.199,0x7DF,STD,8,TX,00 00 00 00 00 00 00 00
19:54:19.209,0x7DF,STD,8,TX,00 00 00 00 00 00 00 00
19:54:19.220,0x7DF,STD,8,TX,00 00 00 00 00 00 00 00
19:54:19.238,0x7DF,STD,8,TX,00 00 00 00 00 00 00 00
19:54:19.257,0x7DF,STD,8,RX,00 00 00 00 00 00 00 00
19:54:19.257,0x7DF,STD,8,RX,00 00 00 00 00 00 00 00
19:54:19.258,0x7DF,STD,8,RX,00 00 00 00 00 00 00 00
19:54:19.258,0x7DF,STD,8,RX,00 00 00 00 00 00 00 00
19:54:19.258,0x7DF,STD,8,RX,00 00 00 00 00 00 00 00
19:54:19.258,0x7DF,STD,8,RX,00 00 00 00 00 00 00 00
19:54:19.259,0x7DF,STD,8,RX,00 00 00 00 00 00 00 00
19:54:19.259,0x7DF,STD,8,RX,00 00 00 00 00 00 00 00
19:54:19.259,0x7DF,STD,8,RX,00 00 00 00 00 00 00 00
19:54:19.259,0x7DF,STD,8,RX,00 00 00 00 00 00 00 00
19:54:19.259,0x7DF,STD,8,RX,00 00 00 00 00 00 00 00
19:54:19.260,0x7DF,STD,8,RX,00 00 00 00 00 00 00 00
19:54:19.260,0x7DF,STD,8,RX,00 00 00 00 00 00 00 00
19:54:19.260,0x7DF,STD,8,RX,00 00 00 00 00 00 00 00
19:54:19.260,0x7DF,STD,8,RX,00 00 00 00 00 00 00 00
19:54:19.260,0x7DF,STD,8,RX,00 00 00 00 00 00 00 00
19:54:19.260,0x7DF,STD,8,RX,00 00 00 00 00 00 00 00
19:54:19.261,0x7DF,STD,8,RX,00 00 00 00 00 00 00 00
19:54:19.261,0x7DF,STD,8,TX,00 00 00 00 00 00 00 00
19:54:19.272,0x7DF,STD,8,TX,00 00 00 00 00 00 00 00
19:54:19.283,0x7DF,STD,8,TX,00 00 00 00 00 00 00 00
19:54:19.295,0x7DF,STD,8,TX,00 00 00 00 00 00 00 00
19:54:19.307,0x7DF,STD,8,TX,00 00 00 00 00 00 00 00
19:54:19.322,0x7DF,STD,8,TX,00 00 00 00 00 00 00 00
19:54:19.336,0x7DF,STD,8,TX,00 00 00 00 00 00 00 00
19:54:19.347,0x7DF,STD,8,TX,00 00 00 00 00 00 00 00
19:54:19.358,0x7DF,STD,8,TX,00 00 00 00 00 00 00 00
19:54:19.369,0x7DF,STD,8,TX,00 00 00 00 00 00 00 00
19:54:19.379,0x7DF,STD,8,TX,00 00 00 00 00 00 00 00
19:54:19.391,0x7DF,STD,8,TX,00 00 00 00 00 00 00 00
19:54:19.402,0x7DF,STD,8,TX,00 00 00 00 00 00 00 00
19:54:19.413,0x7DF,STD,8,TX,00 00 00 00 00 00 00 00
19:54:19.426,0x7DF,STD,8,TX,00 00 00 00 00 00 00 00
19:54:19.440,0x7DF,STD,8,TX,00 00 00 00 00 00 00 00
19:54:19.453,0x7DF,STD,8,TX,00 00 00 00 00 00 00 00
19:54:19.469,0x7DF,STD,8,RX,00 00 00 00 00 00 00 00
19:54:19.470,0x7DF,STD,8,RX,00 00 00 00 00 00 00 00
19:54:19.470,0x7DF,STD,8,RX,00 00 00 00 00 00 00 00
19:54:19.470,0x7DF,STD,8,RX,00 00 00 00 00 00 00 00
19:54:19.471,0x7DF,STD,8,RX,00 00 00 00 00 00 00 00
19:54:19.471,0x7DF,STD,8,RX,00 00 00 00 00 00 00 00
19:54:19.471,0x7DF,STD,8,RX,00 00 00 00 00 00 00 00
19:54:19.472,0x7DF,STD,8,RX,00 00 00 00 00 00 00 00
19:54:19.472,0x7DF,STD,8,RX,00 00 00 00 00 00 00 00
19:54:19.472,0x7DF,STD,8,RX,00 00 00 00 00 00 00 00
19:54:19.472,0x7DF,STD,8,RX,00 00 00 00 00 00 00 00
19:54:19.472,0x7DF,STD,8,RX,00 00 00 00 00 00 00 00
19:54:19.473,0x7DF,STD,8,RX,00 00 00 00 00 00 00 00
19:54:19.473,0x7DF,STD,8,RX,00 00 00 00 00 00 00 00
19:54:19.473,0x7DF,STD,8,RX,00 00 00 00 00 00 00 00
19:54:19.474,0x7DF,STD,8,RX,00 00 00 00 00 00 00 00
19:54:19.474,0x7DF,STD,8,RX,00 00 00 00 00 00 00 00
19:54:19.474,0x7DF,STD,8,TX,00 00 00 00 00 00 00 00
19:54:19.489,0x7DF,STD,8,TX,00 00 00 00 00 00 00 00
19:54:19.504,0x7DF,STD,8,TX,00 00 00 00 00 00 00 00
19:54:19.518,0x7DF,STD,8,TX,00 00 00 00 00 00 00 00
19:54:19.530,0x7DF,STD,8,TX,00 00 00 00 00 00 00 00
19:54:19.542,0x7DF,STD,8,TX,00 00 00 00 00 00 00 00
19:54:19.555,0x7DF,STD,8,TX,00 00 00 00 00 00 00 00
19:54:19.569,0x7DF,STD,8,TX,00 00 00 00 00 00 00 00
19:54:19.583,0x7DF,STD,8,TX,00 00 00 00 00 00 00 00
19:54:19.596,0x7DF,STD,8,TX,00 00 00 00 00 00 00 00
19:54:19.610,0x7DF,STD,8,TX,00 00 00 00 00 00 00 00
19:54:19.624,0x7DF,STD,8,TX,00 00 00 00 00 00 00 00
19:54:19.637,0x7DF,STD,8,TX,00 00 00 00 00 00 00 00
19:54:19.650,0x7DF,STD,8,TX,00 00 00 00 00 00 00 00
19:54:19.664,0x7DF,STD,8,TX,00 00 00 00 00 00 00 00
19:54:19.677,0x7DF,STD,8,RX,00 00 00 00 00 00 00 00
19:54:19.678,0x7DF,STD,8,RX,00 00 00 00 00 00 00 00
19:54:19.678,0x7DF,STD,8,RX,00 00 00 00 00 00 00 00
19:54:19.678,0x7DF,STD,8,RX,00 00 00 00 00 00 00 00
19:54:19.678,0x7DF,STD,8,RX,00 00 00 00 00 00 00 00
19:54:19.679,0x7DF,STD,8,RX,00 00 00 00 00 00 00 00
19:54:19.679,0x7DF,STD,8,RX,00 00 00 00 00 00 00 00
19:54:19.679,0x7DF,STD,8,RX,00 00 00 00 00 00 00 00
19:54:19.680,0x7DF,STD,8,RX,00 00 00 00 00 00 00 00
19:54:19.680,0x7DF,STD,8,RX,00 00 00 00 00 00 00 00
19:54:19.680,0x7DF,STD,8,RX,00 00 00 00 00 00 00 00
19:54:19.681,0x7DF,STD,8,RX,00 00 00 00 00 00 00 00
19:54:19.681,0x7DF,STD,8,RX,00 00 00 00 00 00 00 00
19:54:19.681,0x7DF,STD,8,RX,00 00 00 00 00 00 00 00
19:54:19.681,0x7DF,STD,8,TX,00 00 00 00 00 00 00 00
19:54:19.695,0x7DF,STD,8,TX,00 00 00 00 00 00 00 00
19:54:19.707,0x7DF,STD,8,TX,00 00 00 00 00 00 00 00
19:54:19.719,0x7DF,STD,8,TX,00 00 00 00 00 00 00 00
19:54:19.731,0x7DF,STD,8,TX,00 00 00 00 00 00 00 00
19:54:19.743,0x7DF,STD,8,TX,00 00 00 00 00 00 00 00
19:54:19.755,0x7DF,STD,8,TX,00 00 00 00 00 00 00 00
19:54:19.766,0x7DF,STD,8,TX,00 00 00 00 00 00 00 00
19:54:19.778,0x7DF,STD,8,TX,00 00 00 00 00 00 00 00
19:54:19.790,0x7DF,STD,8,TX,00 00 00 00 00 00 00 00
19:54:19.801,0x7DF,STD,8,TX,00 00 00 00 00 00 00 00
19:54:19.812,0x7DF,STD,8,TX,00 00 00 00 00 00 00 00
19:54:19.823,0x7DF,STD,8,TX,00 00 00 00 00 00 00 00
19:54:19.836,0x7DF,STD,8,TX,00 00 00 00 00 00 00 00
19:54:19.847,0x7DF,STD,8,TX,00 00 00 00 00 00 00 00
19:54:19.859,0x7DF,STD,8,TX,00 00 00 00 00 00 00 00
19:54:19.871,0x7DF,STD,8,TX,00 00 00 00 00 00 00 00
19:54:19.883,0x7DF,STD,8,RX,00 00 00 00 00 00 00 00
19:54:19.883,0x7DF,STD,8,RX,00 00 00 00 00 00 00 00
19:54:19.884,0x7DF,STD,8,RX,00 00 00 00 00 00 00 00
19:54:19.884,0x7DF,STD,8,RX,00 00 00 00 00 00 00 00
19:54:19.884,0x7DF,STD,8,RX,00 00 00 00 00 00 00 00
19:54:19.884,0x7DF,STD,8,RX,00 00 00 00 00 00 00 00
19:54:19.885,0x7DF,STD,8,RX,00 00 00 00 00 00 00 00
19:54:19.885,0x7DF,STD,8,RX,00 00 00 00 00 00 00 00
19:54:19.885,0x7DF,STD,8,RX,00 00 00 00 00 00 00 00
19:54:19.886,0x7DF,STD,8,RX,00 00 00 00 00 00 00 00
19:54:19.886,0x7DF,STD,8,RX,00 00 00 00 00 00 00 00
19:54:19.886,0x7DF,STD,8,RX,00 00 00 00 00 00 00 00
19:54:19.886,0x7DF,STD,8,RX,00 00 00 00 00 00 00 00
19:54:19.886,0x7DF,STD,8,RX,00 00 00 00 00 00 00 00
19:54:19.887,0x7DF,STD,8,RX,00 00 00 00 00 00 00 00
19:54:19.887,0x7DF,STD,8,RX,00 00 00 00 00 00 00 00
19:54:19.887,0x7DF,STD,8,RX,00 00 00 00 00 00 00 00
19:54:19.887,0x7DF,STD,8,TX,00 00 00 00 00 00 00 00
19:54:19.901,0x7DF,STD,8,TX,00 00 00 00 00 00 00 00
19:54:19.912,0x7DF,STD,8,TX,00 00 00 00 00 00 00 00
19:54:19.923,0x7DF,STD,8,TX,00 00 00 00 00 00 00 00
19:54:19.935,0x7DF,STD,8,TX,00 00 00 00 00 00 00 00
19:54:19.946,0x7DF,STD,8,TX,00 00 00 00 00 00 00 00
19:54:19.957,0x7DF,STD,8,TX,00 00 00 00 00 00 00 00
19:54:19.968,0x7DF,STD,8,TX,00 00 00 00 00 00 00 00
19:54:19.978,0x7DF,STD,8,TX,00 00 00 00 00 00 00 00
19:54:19.989,0x7DF,STD,8,TX,00 00 00 00 00 00 00 00
19:54:19.000,0x7DF,STD,8,TX,00 00 00 00 00 00 00 00
19:54:20.011,0x7DF,STD,8,TX,00 00 00 00 00 00 00 00
19:54:20.022,0x7DF,STD,8,TX,00 00 00 00 00 00 00 00
19:54:20.034,0x7DF,STD,8,TX,00 00 00 00 00 00 00 00
19:54:20.045,0x7DF,STD,8,TX,00 00 00 00 00 00 00 00
19:54:20.056,0x7DF,STD,8,TX,00 00 00 00 00 00 00 00
19:54:20.068,0x7DF,STD,8,TX,00 00 00 00 00 00 00 00
19:54:20.079,0x7DF,STD,8,TX,00 00 00 00 00 00 00 00
19:54:20.090,0x7DF,STD,8,RX,00 00 00 00 00 00 00 00
19:54:20.090,0x7DF,STD,8,RX,00 00 00 00 00 00 00 00
19:54:20.091,0x7DF,STD,8,RX,00 00 00 00 00 00 00 00
19:54:20.091,0x7DF,STD,8,RX,00 00 00 00 00 00 00 00
19:54:20.091,0x7DF,STD,8,RX,00 00 00 00 00 00 00 00
19:54:20.092,0x7DF,STD,8,RX,00 00 00 00 00 00 00 00
19:54:20.092,0x7DF,STD,8,RX,00 00 00 00 00 00 00 00
19:54:20.092,0x7DF,STD,8,RX,00 00 00 00 00 00 00 00
19:54:20.092,0x7DF,STD,8,RX,00 00 00 00 00 00 00 00
19:54:20.092,0x7DF,STD,8,RX,00 00 00 00 00 00 00 00
19:54:20.093,0x7DF,STD,8,RX,00 00 00 00 00 00 00 00
19:54:20.093,0x7DF,STD,8,RX,00 00 00 00 00 00 00 00
19:54:20.093,0x7DF,STD,8,RX,00 00 00 00 00 00 00 00
19:54:20.093,0x7DF,STD,8,RX,00 00 00 00 00 00 00 00
19:54:20.093,0x7DF,STD,8,RX,00 00 00 00 00 00 00 00
19:54:20.094,0x7DF,STD,8,RX,00 00 00 00 00 00 00 00
19:54:20.094,0x7DF,STD,8,RX,00 00 00 00 00 00 00 00
19:54:20.094,0x7DF,STD,8,RX,00 00 00 00 00 00 00 00
19:54:20.094,0x7DF,STD,8,TX,00 00 00 00 00 00 00 00
19:54:20.106,0x7DF,STD,8,TX,00 00 00 00 00 00 00 00
19:54:20.118,0x7DF,STD,8,TX,00 00 00 00 00 00 00 00
19:54:20.129,0x7DF,STD,8,TX,00 00 00 00 00 00 00 00
19:54:20.140,0x7DF,STD,8,TX,00 00 00 00 00 00 00 00
19:54:20.151,0x7DF,STD,8,TX,00 00 00 00 00 00 00 00
19:54:20.163,0x7DF,STD,8,TX,00 00 00 00 00 00 00 00
19:54:20.173,0x7DF,STD,8,TX,00 00 00 00 00 00 00 00
19:54:20.184,0x7DF,STD,8,TX,00 00 00 00 00 00 00 00
19:54:20.195,0x7DF,STD,8,TX,00 00 00 00 00 00 00 00
19:54:20.205,0x7DF,STD,8,TX,00 00 00 00 00 00 00 00
19:54:20.217,0x7DF,STD,8,TX,00 00 00 00 00 00 00 00
19:54:20.229,0x7DF,STD,8,TX,00 00 00 00 00 00 00 00
19:54:20.241,0x7DF,STD,8,TX,00 00 00 00 00 00 00 00
19:54:20.252,0x7DF,STD,8,TX,00 00 00 00 00 00 00 00
19:54:20.263,0x7DF,STD,8,TX,00 00 00 00 00 00 00 00
19:54:20.274,0x7DF,STD,8,TX,00 00 00 00 00 00 00 00
19:54:20.285,0x7DF,STD,8,TX,00 00 00 00 00 00 00 00
19:54:20.296,0x7DF,STD,8,RX,00 00 00 00 00 00 00 00
19:54:20.297,0x7DF,STD,8,RX,00 00 00 00 00 00 00 00
19:54:20.297,0x7DF,STD,8,RX,00 00 00 00 00 00 00 00
19:54:20.297,0x7DF,STD,8,RX,00 00 00 00 00 00 00 00
19:54:20.298,0x7DF,STD,8,RX,00 00 00 00 00 00 00 00
19:54:20.298,0x7DF,STD,8,RX,00 00 00 00 00 00 00 00
19:54:20.298,0x7DF,STD,8,RX,00 00 00 00 00 00 00 00
19:54:20.298,0x7DF,STD,8,RX,00 00 00 00 00 00 00 00
19:54:20.299,0x7DF,STD,8,RX,00 00 00 00 00 00 00 00
19:54:20.299,0x7DF,STD,8,RX,00 00 00 00 00 00 00 00
19:54:20.299,0x7DF,STD,8,RX,00 00 00 00 00 00 00 00
19:54:20.299,0x7DF,STD,8,RX,00 00 00 00 00 00 00 00
19:54:20.299,0x7DF,STD,8,RX,00 00 00 00 00 00 00 00
19:54:20.300,0x7DF,STD,8,RX,00 00 00 00 00 00 00 00
19:54:20.300,0x7DF,STD,8,RX,00 00 00 00 00 00 00 00
19:54:20.300,0x7DF,STD,8,RX,00 00 00 00 00 00 00 00
19:54:20.300,0x7DF,STD,8,RX,00 00 00 00 00 00 00 00
19:54:20.300,0x7DF,STD,8,RX,00 00 00 00 00 00 00 00
19:54:20.301,0x7DF,STD,8,TX,00 00 00 00 00 00 00 00
19:54:20.311,0x7DF,STD,8,TX,00 00 00 00 00 00 00 00
19:54:20.323,0x7DF,STD,8,TX,00 00 00 00 00 00 00 00
19:54:20.335,0x7DF,STD,8,TX,00 00 00 00 00 00 00 00
19:54:20.347,0x7DF,STD,8,TX,00 00 00 00 00 00 00 00
19:54:20.360,0x7DF,STD,8,TX,00 00 00 00 00 00 00 00
19:54:20.376,0x7DF,STD,8,TX,00 00 00 00 00 00 00 00
19:54:20.389,0x7DF,STD,8,TX,00 00 00 00 00 00 00 00
19:54:20.403,0x7DF,STD,8,TX,00 00 00 00 00 00 00 00
19:54:20.418,0x7DF,STD,8,TX,00 00 00 00 00 00 00 00
19:54:20.432,0x7DF,STD,8,TX,00 00 00 00 00 00 00 00
19:54:20.445,0x7DF,STD,8,TX,00 00 00 00 00 00 00 00
19:54:20.457,0x7DF,STD,8,TX,00 00 00 00 00 00 00 00
19:54:20.470,0x7DF,STD,8,TX,00 00 00 00 00 00 00 00
19:54:20.484,0x7DF,STD,8,TX,00 00 00 00 00 00 00 00
19:54:20.498,0x7DF,STD,8,TX,00 00 00 00 00 00 00 00
19:54:20.511,0x7DF,STD,8,RX,00 00 00 00 00 00 00 00
19:54:20.512,0x7DF,STD,8,RX,00 00 00 00 00 00 00 00
19:54:20.512,0x7DF,STD,8,RX,00 00 00 00 00 00 00 00
19:54:20.512,0x7DF,STD,8,RX,00 00 00 00 00 00 00 00
19:54:20.513,0x7DF,STD,8,RX,00 00 00 00 00 00 00 00
19:54:20.513,0x7DF,STD,8,RX,00 00 00 00 00 00 00 00
19:54:20.513,0x7DF,STD,8,RX,00 00 00 00 00 00 00 00
19:54:20.513,0x7DF,STD,8,RX,00 00 00 00 00 00 00 00
19:54:20.514,0x7DF,STD,8,RX,00 00 00 00 00 00 00 00
19:54:20.514,0x7DF,STD,8,RX,00 00 00 00 00 00 00 00
19:54:20.514,0x7DF,STD,8,RX,00 00 00 00 00 00 00 00
19:54:20.514,0x7DF,STD,8,RX,00 00 00 00 00 00 00 00
19:54:20.515,0x7DF,STD,8,RX,00 00 00 00 00 00 00 00
19:54:20.515,0x7DF,STD,8,RX,00 00 00 00 00 00 00 00
19:54:20.515,0x7DF,STD,8,RX,00 00 00 00 00 00 00 00
19:54:20.515,0x7DF,STD,8,TX,00 00 00 00 00 00 00 00
19:54:20.528,0x7DF,STD,8,TX,00 00 00 00 00 00 00 00
19:54:20.541,0x7DF,STD,8,TX,00 00 00 00 00 00 00 00
19:54:20.556,0x7DF,STD,8,TX,00 00 00 00 00 00 00 00
19:54:20.570,0x7DF,STD,8,TX,00 00 00 00 00 00 00 00
19:54:20.583,0x7DF,STD,8,TX,00 00 00 00 00 00 00 00
19:54:20.595,0x7DF,STD,8,TX,00 00 00 00 00 00 00 00
19:54:20.607,0x7DF,STD,8,TX,00 00 00 00 00 00 00 00
19:54:20.621,0x7DF,STD,8,TX,00 00 00 00 00 00 00 00
19:54:20.634,0x7DF,STD,8,TX,00 00 00 00 00 00 00 00
19:54:20.647,0x7DF,STD,8,TX,00 00 00 00 00 00 00 00
19:54:20.660,0x7DF,STD,8,TX,00 00 00 00 00 00 00 00
19:54:20.672,0x7DF,STD,8,TX,00 00 00 00 00 00 00 00
19:54:20.683,0x7DF,STD,8,TX,00 00 00 00 00 00 00 00
19:54:20.695,0x7DF,STD,8,TX,00 00 00 00 00 00 00 00
19:54:20.708,0x7DF,STD,8,TX,00 00 00 00 00 00 00 00
19:54:20.721,0x7DF,STD,8,RX,00 00 00 00 00 00 00 00
19:54:20.721,0x7DF,STD,8,RX,00 00 00 00 00 00 00 00
19:54:20.721,0x7DF,STD,8,RX,00 00 00 00 00 00 00 00
19:54:20.722,0x7DF,STD,8,RX,00 00 00 00 00 00 00 00
19:54:20.722,0x7DF,STD,8,RX,00 00 00 00 00 00 00 00
19:54:20.722,0x7DF,STD,8,RX,00 00 00 00 00 00 00 00
19:54:20.722,0x7DF,STD,8,RX,00 00 00 00 00 00 00 00
19:54:20.723,0x7DF,STD,8,RX,00 00 00 00 00 00 00 00
19:54:20.723,0x7DF,STD,8,RX,00 00 00 00 00 00 00 00
19:54:20.723,0x7DF,STD,8,RX,00 00 00 00 00 00 00 00
19:54:20.723,0x7DF,STD,8,RX,00 00 00 00 00 00 00 00
19:54:20.724,0x7DF,STD,8,RX,00 00 00 00 00 00 00 00
19:54:20.724,0x7DF,STD,8,RX,00 00 00 00 00 00 00 00
19:54:20.724,0x7DF,STD,8,RX,00 00 00 00 00 00 00 00
19:54:20.724,0x7DF,STD,8,RX,00 00 00 00 00 00 00 00
19:54:20.725,0x7DF,STD,8,RX,00 00 00 00 00 00 00 00
19:54:20.725,0x7DF,STD,8,TX,00 00 00 00 00 00 00 00
19:54:20.737,0x7DF,STD,8,TX,00 00 00 00 00 00 00 00
19:54:20.749,0x7DF,STD,8,TX,00 00 00 00 00 00 00 00
19:54:20.760,0x7DF,STD,8,TX,00 00 00 00 00 00 00 00
19:54:20.771,0x7DF,STD,8,TX,00 00 00 00 00 00 00 00
19:54:20.782,0x7DF,STD,8,TX,00 00 00 00 00 00 00 00
19:54:20.793,0x7DF,STD,8,TX,00 00 00 00 00 00 00 00
19:54:20.803,0x7DF,STD,8,TX,00 00 00 00 00 00 00 00
19:54:20.814,0x7DF,STD,8,TX,00 00 00 00 00 00 00 00
19:54:20.825,0x7DF,STD,8,TX,00 00 00 00 00 00 00 00
19:54:20.836,0x7DF,STD,8,TX,00 00 00 00 00 00 00 00
19:54:20.848,0x7DF,STD,8,TX,00 00 00 00 00 00 00 00
19:54:20.860,0x7DF,STD,8,TX,00 00 00 00 00 00 00 00
19:54:20.874,0x7DF,STD,8,TX,00 00 00 00 00 00 00 00
19:54:20.888,0x7DF,STD,8,TX,00 00 00 00 00 00 00 00
19:54:20.899,0x7DF,STD,8,TX,00 00 00 00 00 00 00 00
19:54:20.912,0x7DF,STD,8,TX,00 00 00 00 00 00 00 00
19:54:20.923,0x7DF,STD,8,TX,00 00 00 00 00 00 00 00
19:54:20.933,0x7DF,STD,8,RX,00 00 00 00 00 00 00 00
19:54:20.934,0x7DF,STD,8,RX,00 00 00 00 00 00 00 00
19:54:20.934,0x7DF,STD,8,RX,00 00 00 00 00 00 00 00
19:54:20.934,0x7DF,STD,8,RX,00 00 00 00 00 00 00 00
19:54:20.935,0x7DF,STD,8,RX,00 00 00 00 00 00 00 00
19:54:20.935,0x7DF,STD,8,RX,00 00 00 00 00 00 00 00
19:54:20.935,0x7DF,STD,8,RX,00 00 00 00 00 00 00 00
19:54:20.935,0x7DF,STD,8,RX,00 00 00 00 00 00 00 00
19:54:20.936,0x7DF,STD,8,RX,00 00 00 00 00 00 00 00
19:54:20.936,0x7DF,STD,8,RX,00 00 00 00 00 00 00 00
19:54:20.936,0x7DF,STD,8,RX,00 00 00 00 00 00 00 00
19:54:20.936,0x7DF,STD,8,RX,00 00 00 00 00 00 00 00
19:54:20.937,0x7DF,STD,8,RX,00 00 00 00 00 00 00 00
19:54:20.937,0x7DF,STD,8,RX,00 00 00 00 00 00 00 00
19:54:20.937,0x7DF,STD,8,RX,00 00 00 00 00 00 00 00
19:54:20.937,0x7DF,STD,8,RX,00 00 00 00 00 00 00 00
19:54:20.938,0x7DF,STD,8,RX,00 00 00 00 00 00 00 00
19:54:20.938,0x7DF,STD,8,TX,00 00 00 00 00 00 00 00
19:54:20.949,0x7DF,STD,8,TX,00 00 00 00 00 00 00 00
19:54:20.960,0x7DF,STD,8,TX,00 00 00 00 00 00 00 00
19:54:20.971,0x7DF,STD,8,TX,00 00 00 00 00 00 00 00
19:54:20.982,0x7DF,STD,8,TX,00 00 00 00 00 00 00 00
19:54:20.993,0x7DF,STD,8,TX,00 00 00 00 00 00 00 00
19:54:21.005,0x7DF,STD,8,TX,00 00 00 00 00 00 00 00
19:54:21.016,0x7DF,STD,8,TX,00 00 00 00 00 00 00 00
19:54:21.027,0x7DF,STD,8,TX,00 00 00 00 00 00 00 00
19:54:21.038,0x7DF,STD,8,TX,00 00 00 00 00 00 00 00
19:54:21.049,0x7DF,STD,8,TX,00 00 00 00 00 00 00 00
19:54:21.060,0x7DF,STD,8,TX,00 00 00 00 00 00 00 00
19:54:21.071,0x7DF,STD,8,TX,00 00 00 00 00 00 00 00
19:54:21.082,0x7DF,STD,8,TX,00 00 00 00 00 00 00 00
19:54:21.093,0x7DF,STD,8,TX,00 00 00 00 00 00 00 00
19:54:21.104,0x7DF,STD,8,TX,00 00 00 00 00 00 00 00
19:54:21.114,0x7DF,STD,8,TX,00 00 00 00 00 00 00 00
19:54:21.125,0x7DF,STD,8,TX,00 00 00 00 00 00 00 00
19:54:21.136,0x7DF,STD,8,TX,00 00 00 00 00 00 00 00
19:54:21.146,0x7DF,STD,8,RX,00 00 00 00 00 00 00 00
19:54:21.146,0x7DF,STD,8,RX,00 00 00 00 00 00 00 00
19:54:21.147,0x7DF,STD,8,RX,00 00 00 00 00 00 00 00
19:54:21.147,0x7DF,STD,8,RX,00 00 00 00 00 00 00 00
19:54:21.147,0x7DF,STD,8,RX,00 00 00 00 00 00 00 00
19:54:21.147,0x7DF,STD,8,RX,00 00 00 00 00 00 00 00
19:54:21.148,0x7DF,STD,8,RX,00 00 00 00 00 00 00 00
19:54:21.148,0x7DF,STD,8,RX,00 00 00 00 00 00 00 00
19:54:21.148,0x7DF,STD,8,RX,00 00 00 00 00 00 00 00
19:54:21.148,0x7DF,STD,8,RX,00 00 00 00 00 00 00 00
19:54:21.149,0x7DF,STD,8,RX,00 00 00 00 00 00 00 00
19:54:21.149,0x7DF,STD,8,RX,00 00 00 00 00 00 00 00
19:54:21.149,0x7DF,STD,8,RX,00 00 00 00 00 00 00 00
19:54:21.149,0x7DF,STD,8,RX,00 00 00 00 00 00 00 00
19:54:21.150,0x7DF,STD,8,RX,00 00 00 00 00 00 00 00
19:54:21.150,0x7DF,STD,8,RX,00 00 00 00 00 00 00 00
19:54:21.150,0x7DF,STD,8,RX,00 00 00 00 00 00 00 00
19:54:21.150,0x7DF,STD,8,RX,00 00 00 00 00 00 00 00
19:54:21.151,0x7DF,STD,8,RX,00 00 00 00 00 00 00 00
19:54:21.151,0x7DF,STD,8,RX,00 00 00 00 00 00 00 00
19:54:21.151,0x7DF,STD,8,TX,00 00 00 00 00 00 00 00
19:54:21.162,0x7DF,STD,8,TX,00 00 00 00 00 00 00 00
19:54:21.173,0x7DF,STD,8,TX,00 00 00 00 00 00 00 00
19:54:21.184,0x7DF,STD,8,TX,00 00 00 00 00 00 00 00
19:54:21.195,0x7DF,STD,8,TX,00 00 00 00 00 00 00 00
19:54:21.206,0x7DF,STD,8,TX,00 00 00 00 00 00 00 00
19:54:21.216,0x7DF,STD,8,TX,00 00 00 00 00 00 00 00
19:54:21.228,0x7DF,STD,8,TX,00 00 00 00 00 00 00 00
19:54:21.238,0x7DF,STD,8,TX,00 00 00 00 00 00 00 00
19:54:21.249,0x7DF,STD,8,TX,00 00 00 00 00 00 00 00
19:54:21.260,0x7DF,STD,8,TX,00 00 00 00 00 00 00 00
19:54:21.271,0x7DF,STD,8,TX,00 00 00 00 00 00 00 00
19:54:21.282,0x7DF,STD,8,TX,00 00 00 00 00 00 00 00
19:54:21.294,0x7DF,STD,8,TX,00 00 00 00 00 00 00 00
19:54:21.305,0x7DF,STD,8,TX,00 00 00 00 00 00 00 00
19:54:21.316,0x7DF,STD,8,TX,00 00 00 00 00 00 00 00
19:54:21.352,0x7DF,STD,8,RX,00 00 00 00 00 00 00 00
19:54:21.353,0x7DF,STD,8,RX,00 00 00 00 00 00 00 00
19:54:21.353,0x7DF,STD,8,RX,00 00 00 00 00 00 00 00
19:54:21.354,0x7DF,STD,8,RX,00 00 00 00 00 00 00 00
19:54:21.354,0x7DF,STD,8,RX,00 00 00 00 00 00 00 00
19:54:21.354,0x7DF,STD,8,RX,00 00 00 00 00 00 00 00
19:54:21.354,0x7DF,STD,8,RX,00 00 00 00 00 00 00 00
19:54:21.355,0x7DF,STD,8,RX,00 00 00 00 00 00 00 00
19:54:21.355,0x7DF,STD,8,RX,00 00 00 00 00 00 00 00
19:54:21.355,0x7DF,STD,8,RX,00 00 00 00 00 00 00 00
19:54:21.355,0x7DF,STD,8,RX,00 00 00 00 00 00 00 00
19:54:21.356,0x7DF,STD,8,RX,00 00 00 00 00 00 00 00
19:54:21.356,0x7DF,STD,8,RX,00 00 00 00 00 00 00 00
19:54:21.356,0x7DF,STD,8,RX,00 00 00 00 00 00 00 00
19:54:21.356,0x7DF,STD,8,RX,00 00 00 00 00 00 00 00
19:54:21.356,0x7DF,STD,8,RX,00 00 00 00 00 00 00 00
19:54:27.839,0x7DF,STD,8,TX,00 00 00 00 00 00 00 00
19:54:27.851,0x7DF,STD,8,TX,00 00 00 00 00 00 00 00
19:54:27.864,0x7DF,STD,8,TX,00 00 00 00 00 00 00 00
19:54:27.875,0x7DF,STD,8,TX,00 00 00 00 00 00 00 00
19:54:27.885,0x7DF,STD,8,TX,00 00 00 00 00 00 00 00
19:54:27.896,0x7DF,STD,8,TX,00 00 00 00 00 00 00 00
19:54:27.907,0x7DF,STD,8,TX,00 00 00 00 00 00 00 00
19:54:27.918,0x7DF,STD,8,TX,00 00 00 00 00 00 00 00
19:54:27.928,0x7DF,STD,8,TX,00 00 00 00 00 00 00 00
19:54:27.939,0x7DF,STD,8,TX,00 00 00 00 00 00 00 00
19:54:27.952,0x7DF,STD,8,TX,00 00 00 00 00 00 00 00
19:54:27.963,0x7DF,STD,8,TX,00 00 00 00 00 00 00 00
19:54:27.975,0x7DF,STD,8,TX,00 00 00 00 00 00 00 00
19:54:27.976,0x7DF,STD,8,RX,00 00 00 00 00 00 00 00
19:54:27.976,0x7DF,STD,8,RX,00 00 00 00 00 00 00 00
19:54:27.976,0x7DF,STD,8,RX,00 00 00 00 00 00 00 00
19:54:27.976,0x7DF,STD,8,RX,00 00 00 00 00 00 00 00
19:54:27.977,0x7DF,STD,8,RX,00 00 00 00 00 00 00 00
19:54:27.977,0x7DF,STD,8,RX,00 00 00 00 00 00 00 00
19:54:27.977,0x7DF,STD,8,RX,00 00 00 00 00 00 00 00
19:54:27.977,0x7DF,STD,8,RX,00 00 00 00 00 00 00 00
19:54:27.978,0x7DF,STD,8,RX,00 00 00 00 00 00 00 00
19:54:27.978,0x7DF,STD,8,RX,00 00 00 00 00 00 00 00
19:54:27.978,0x7DF,STD,8,RX,00 00 00 00 00 00 00 00
19:54:27.978,0x7DF,STD,8,RX,00 00 00 00 00 00 00 00
19:54:27.989,0x7DF,STD,8,TX,00 00 00 00 00 00 00 00
19:54:28.000,0x7DF,STD,8,TX,00 00 00 00 00 00 00 00
19:54:28.011,0x7DF,STD,8,TX,00 00 00 00 00 00 00 00
19:54:28.023,0x7DF,STD,8,TX,00 00 00 00 00 00 00 00
19:54:28.035,0x7DF,STD,8,TX,00 00 00 00 00 00 00 00
19:54:28.047,0x7DF,STD,8,TX,00 00 00 00 00 00 00 00
19:54:28.060,0x7DF,STD,8,TX,00 00 00 00 00 00 00 00
19:54:28.072,0x7DF,STD,8,TX,00 00 00 00 00 00 00 00
19:54:28.084,0x7DF,STD,8,TX,00 00 00 00 00 00 00 00
19:54:28.096,0x7DF,STD,8,TX,00 00 00 00 00 00 00 00
19:54:28.109,0x7DF,STD,8,TX,00 00 00 00 00 00 00 00
19:54:28.123,0x7DF,STD,8,TX,00 00 00 00 00 00 00 00
19:54:28.136,0x7DF,STD,8,TX,00 00 00 00 00 00 00 00
19:54:28.148,0x7DF,STD,8,TX,00 00 00 00 00 00 00 00
19:54:28.160,0x7DF,STD,8,TX,00 00 00 00 00 00 00 00
19:54:28.172,0x7DF,STD,8,TX,00 00 00 00 00 00 00 00
19:54:28.183,0x7DF,STD,8,RX,00 00 00 00 00 00 00 00
19:54:28.183,0x7DF,STD,8,RX,00 00 00 00 00 00 00 00
19:54:28.183,0x7DF,STD,8,RX,00 00 00 00 00 00 00 00
19:54:28.184,0x7DF,STD,8,RX,00 00 00 00 00 00 00 00
19:54:28.184,0x7DF,STD,8,RX,00 00 00 00 00 00 00 00
19:54:28.184,0x7DF,STD,8,RX,00 00 00 00 00 00 00 00
19:54:28.184,0x7DF,STD,8,RX,00 00 00 00 00 00 00 00
19:54:28.185,0x7DF,STD,8,RX,00 00 00 00 00 00 00 00
19:54:28.185,0x7DF,STD,8,RX,00 00 00 00 00 00 00 00
19:54:28.185,0x7DF,STD,8,RX,00 00 00 00 00 00 00 00
19:54:28.186,0x7DF,STD,8,RX,00 00 00 00 00 00 00 00
19:54:28.186,0x7DF,STD,8,RX,00 00 00 00 00 00 00 00
19:54:28.186,0x7DF,STD,8,RX,00 00 00 00 00 00 00 00
19:54:28.187,0x7DF,STD,8,RX,00 00 00 00 00 00 00 00
19:54:28.187,0x7DF,STD,8,RX,00 00 00 00 00 00 00 00
19:54:28.187,0x7DF,STD,8,RX,00 00 00 00 00 00 00 00
19:54:28.187,0x7DF,STD,8,RX,00 00 00 00 00 00 00 00
19:54:28.188,0x7DF,STD,8,TX,00 00 00 00 00 00 00 00
19:54:28.200,0x7DF,STD,8,TX,00 00 00 00 00 00 00 00
19:54:28.213,0x7DF,STD,8,TX,00 00 00 00 00 00 00 00
19:54:28.226,0x7DF,STD,8,TX,00 00 00 00 00 00 00 00
19:54:28.242,0x7DF,STD,8,TX,00 00 00 00 00 00 00 00
19:54:28.255,0x7DF,STD,8,TX,00 00 00 00 00 00 00 00
19:54:28.268,0x7DF,STD,8,TX,00 00 00 00 00 00 00 00
19:54:28.281,0x7DF,STD,8,TX,00 00 00 00 00 00 00 00
19:54:28.292,0x7DF,STD,8,TX,00 00 00 00 00 00 00 00
19:54:28.304,0x7DF,STD,8,TX,00 00 00 00 00 00 00 00
19:54:28.316,0x7DF,STD,8,TX,00 00 00 00 00 00 00 00
19:54:28.327,0x7DF,STD,8,TX,00 00 00 00 00 00 00 00
19:54:28.338,0x7DF,STD,8,TX,00 00 00 00 00 00 00 00
19:54:28.349,0x7DF,STD,8,TX,00 00 00 00 00 00 00 00
19:54:28.360,0x7DF,STD,8,TX,00 00 00 00 00 00 00 00
19:54:28.372,0x7DF,STD,8,TX,00 00 00 00 00 00 00 00
19:54:28.385,0x7DF,STD,8,TX,00 00 00 00 00 00 00 00
19:54:28.397,0x7DF,STD,8,RX,00 00 00 00 00 00 00 00
19:54:28.397,0x7DF,STD,8,RX,00 00 00 00 00 00 00 00
19:54:28.398,0x7DF,STD,8,RX,00 00 00 00 00 00 00 00
19:54:28.398,0x7DF,STD,8,RX,00 00 00 00 00 00 00 00
19:54:28.398,0x7DF,STD,8,RX,00 00 00 00 00 00 00 00
19:54:28.399,0x7DF,STD,8,RX,00 00 00 00 00 00 00 00
19:54:28.399,0x7DF,STD,8,RX,00 00 00 00 00 00 00 00
19:54:28.399,0x7DF,STD,8,RX,00 00 00 00 00 00 00 00
19:54:28.399,0x7DF,STD,8,RX,00 00 00 00 00 00 00 00
19:54:28.400,0x7DF,STD,8,RX,00 00 00 00 00 00 00 00
19:54:28.400,0x7DF,STD,8,RX,00 00 00 00 00 00 00 00
19:54:28.400,0x7DF,STD,8,RX,00 00 00 00 00 00 00 00
19:54:28.400,0x7DF,STD,8,RX,00 00 00 00 00 00 00 00
19:54:28.401,0x7DF,STD,8,RX,00 00 00 00 00 00 00 00
19:54:28.401,0x7DF,STD,8,RX,00 00 00 00 00 00 00 00
19:54:28.401,0x7DF,STD,8,RX,00 00 00 00 00 00 00 00
19:54:28.402,0x7DF,STD,8,RX,00 00 00 00 00 00 00 00
19:54:28.402,0x7DF,STD,8,TX,00 00 00 00 00 00 00 00
19:54:28.414,0x7DF,STD,8,TX,00 00 00 00 00 00 00 00
19:54:28.425,0x7DF,STD,8,TX,00 00 00 00 00 00 00 00
19:54:28.438,0x7DF,STD,8,TX,00 00 00 00 00 00 00 00
19:54:28.451,0x7DF,STD,8,TX,00 00 00 00 00 00 00 00
19:54:28.466,0x7DF,STD,8,TX,00 00 00 00 00 00 00 00
19:54:28.478,0x7DF,STD,8,TX,00 00 00 00 00 00 00 00
19:54:28.489,0x7DF,STD,8,TX,00 00 00 00 00 00 00 00
19:54:28.501,0x7DF,STD,8,TX,00 00 00 00 00 00 00 00
19:54:28.513,0x7DF,STD,8,TX,00 00 00 00 00 00 00 00
19:54:28.523,0x7DF,STD,8,TX,00 00 00 00 00 00 00 00
19:54:28.534,0x7DF,STD,8,TX,00 00 00 00 00 00 00 00
19:54:28.545,0x7DF,STD,8,TX,00 00 00 00 00 00 00 00
19:54:28.556,0x7DF,STD,8,TX,00 00 00 00 00 00 00 00
19:54:28.567,0x7DF,STD,8,TX,00 00 00 00 00 00 00 00
19:54:28.578,0x7DF,STD,8,TX,00 00 00 00 00 00 00 00
19:54:28.588,0x7DF,STD,8,TX,00 00 00 00 00 00 00 00
19:54:28.600,0x7DF,STD,8,TX,00 00 00 00 00 00 00 00
19:54:28.611,0x7DF,STD,8,RX,00 00 00 00 00 00 00 00
19:54:28.611,0x7DF,STD,8,RX,00 00 00 00 00 00 00 00
19:54:28.612,0x7DF,STD,8,RX,00 00 00 00 00 00 00 00
19:54:28.612,0x7DF,STD,8,RX,00 00 00 00 00 00 00 00
19:54:28.612,0x7DF,STD,8,RX,00 00 00 00 00 00 00 00
19:54:28.612,0x7DF,STD,8,RX,00 00 00 00 00 00 00 00
19:54:28.613,0x7DF,STD,8,RX,00 00 00 00 00 00 00 00
19:54:28.613,0x7DF,STD,8,RX,00 00 00 00 00 00 00 00
19:54:28.613,0x7DF,STD,8,RX,00 00 00 00 00 00 00 00
19:54:28.614,0x7DF,STD,8,RX,00 00 00 00 00 00 00 00
19:54:28.614,0x7DF,STD,8,RX,00 00 00 00 00 00 00 00
19:54:28.614,0x7DF,STD,8,RX,00 00 00 00 00 00 00 00
19:54:28.615,0x7DF,STD,8,RX,00 00 00 00 00 00 00 00
19:54:28.615,0x7DF,STD,8,RX,00 00 00 00 00 00 00 00
19:54:28.615,0x7DF,STD,8,RX,00 00 00 00 00 00 00 00
19:54:28.616,0x7DF,STD,8,RX,00 00 00 00 00 00 00 00
19:54:28.616,0x7DF,STD,8,RX,00 00 00 00 00 00 00 00
19:54:28.616,0x7DF,STD,8,TX,00 00 00 00 00 00 00 00
19:54:28.627,0x7DF,STD,8,TX,00 00 00 00 00 00 00 00
19:54:28.638,0x7DF,STD,8,TX,00 00 00 00 00 00 00 00
19:54:28.650,0x7DF,STD,8,TX,00 00 00 00 00 00 00 00
19:54:28.662,0x7DF,STD,8,TX,00 00 00 00 00 00 00 00
19:54:28.675,0x7DF,STD,8,TX,00 00 00 00 00 00 00 00
19:54:28.688,0x7DF,STD,8,TX,00 00 00 00 00 00 00 00
19:54:28.702,0x7DF,STD,8,TX,00 00 00 00 00 00 00 00
19:54:28.714,0x7DF,STD,8,TX,00 00 00 00 00 00 00 00
19:54:28.727,0x7DF,STD,8,TX,00 00 00 00 00 00 00 00
19:54:28.738,0x7DF,STD,8,TX,00 00 00 00 00 00 00 00
19:54:28.750,0x7DF,STD,8,TX,00 00 00 00 00 00 00 00
19:54:28.764,0x7DF,STD,8,TX,00 00 00 00 00 00 00 00
19:54:28.777,0x7DF,STD,8,TX,00 00 00 00 00 00 00 00
19:54:28.789,0x7DF,STD,8,TX,00 00 00 00 00 00 00 00
19:54:28.801,0x7DF,STD,8,TX,00 00 00 00 00 00 00 00
19:54:28.813,0x7DF,STD,8,TX,00 00 00 00 00 00 00 00
19:54:28.825,0x7DF,STD,8,RX,00 00 00 00 00 00 00 00
19:54:28.826,0x7DF,STD,8,RX,00 00 00 00 00 00 00 00
19:54:28.826,0x7DF,STD,8,RX,00 00 00 00 00 00 00 00
19:54:28.827,0x7DF,STD,8,RX,00 00 00 00 00 00 00 00
19:54:28.827,0x7DF,STD,8,RX,00 00 00 00 00 00 00 00
19:54:28.827,0x7DF,STD,8,RX,00 00 00 00 00 00 00 00
19:54:28.827,0x7DF,STD,8,RX,00 00 00 00 00 00 00 00
19:54:28.828,0x7DF,STD,8,RX,00 00 00 00 00 00 00 00
19:54:28.828,0x7DF,STD,8,RX,00 00 00 00 00 00 00 00
19:54:28.828,0x7DF,STD,8,RX,00 00 00 00 00 00 00 00
19:54:28.828,0x7DF,STD,8,RX,00 00 00 00 00 00 00 00
19:54:28.829,0x7DF,STD,8,RX,00 00 00 00 00 00 00 00
19:54:28.829,0x7DF,STD,8,RX,00 00 00 00 00 00 00 00
19:54:28.829,0x7DF,STD,8,RX,00 00 00 00 00 00 00 00
19:54:28.829,0x7DF,STD,8,RX,00 00 00 00 00 00 00 00
19:54:28.830,0x7DF,STD,8,RX,00 00 00 00 00 00 00 00
19:54:28.830,0x7DF,STD,8,RX,00 00 00 00 00 00 00 00
19:54:28.830,0x7DF,STD,8,TX,00 00 00 00 00 00 00 00
19:54:28.842,0x7DF,STD,8,TX,00 00 00 00 00 00 00 00
19:54:28.854,0x7DF,STD,8,TX,00 00 00 00 00 00 00 00
19:54:28.866,0x7DF,STD,8,TX,00 00 00 00 00 00 00 00
19:54:28.877,0x7DF,STD,8,TX,00 00 00 00 00 00 00 00
19:54:28.889,0x7DF,STD,8,TX,00 00 00 00 00 00 00 00
19:54:28.901,0x7DF,STD,8,TX,00 00 00 00 00 00 00 00
19:54:28.913,0x7DF,STD,8,TX,00 00 00 00 00 00 00 00
19:54:28.924,0x7DF,STD,8,TX,00 00 00 00 00 00 00 00
19:54:28.937,0x7DF,STD,8,TX,00 00 00 00 00 00 00 00
19:54:28.949,0x7DF,STD,8,TX,00 00 00 00 00 00 00 00
19:54:28.963,0x7DF,STD,8,TX,00 00 00 00 00 00 00 00
19:54:28.975,0x7DF,STD,8,TX,00 00 00 00 00 00 00 00
19:54:28.986,0x7DF,STD,8,TX,00 00 00 00 00 00 00 00
19:54:28.997,0x7DF,STD,8,TX,00 00 00 00 00 00 00 00
19:54:29.009,0x7DF,STD,8,TX,00 00 00 00 00 00 00 00
19:54:29.021,0x7DF,STD,8,TX,00 00 00 00 00 00 00 00
19:54:29.033,0x7DF,STD,8,RX,00 00 00 00 00 00 00 00
19:54:29.033,0x7DF,STD,8,RX,00 00 00 00 00 00 00 00
19:54:29.034,0x7DF,STD,8,RX,00 00 00 00 00 00 00 00
19:54:29.034,0x7DF,STD,8,RX,00 00 00 00 00 00 00 00
19:54:29.034,0x7DF,STD,8,RX,00 00 00 00 00 00 00 00
19:54:29.035,0x7DF,STD,8,RX,00 00 00 00 00 00 00 00
19:54:29.035,0x7DF,STD,8,RX,00 00 00 00 00 00 00 00
19:54:29.035,0x7DF,STD,8,RX,00 00 00 00 00 00 00 00
19:54:29.036,0x7DF,STD,8,RX,00 00 00 00 00 00 00 00
19:54:29.036,0x7DF,STD,8,RX,00 00 00 00 00 00 00 00
19:54:29.036,0x7DF,STD,8,RX,00 00 00 00 00 00 00 00
19:54:29.036,0x7DF,STD,8,RX,00 00 00 00 00 00 00 00
19:54:29.037,0x7DF,STD,8,RX,00 00 00 00 00 00 00 00
19:54:29.037,0x7DF,STD,8,RX,00 00 00 00 00 00 00 00
19:54:29.037,0x7DF,STD,8,RX,00 00 00 00 00 00 00 00
19:54:29.037,0x7DF,STD,8,RX,00 00 00 00 00 00 00 00
19:54:29.038,0x7DF,STD,8,RX,00 00 00 00 00 00 00 00
19:54:29.038,0x7DF,STD,8,TX,00 00 00 00 00 00 00 00
19:54:29.049,0x7DF,STD,8,TX,00 00 00 00 00 00 00 00
19:54:29.061,0x7DF,STD,8,TX,00 00 00 00 00 00 00 00
19:54:29.072,0x7DF,STD,8,TX,00 00 00 00 00 00 00 00
19:54:29.086,0x7DF,STD,8,TX,00 00 00 00 00 00 00 00
19:54:29.097,0x7DF,STD,8,TX,00 00 00 00 00 00 00 00
19:54:29.109,0x7DF,STD,8,TX,00 00 00 00 00 00 00 00
19:54:29.121,0x7DF,STD,8,TX,00 00 00 00 00 00 00 00
19:54:29.132,0x7DF,STD,8,TX,00 00 00 00 00 00 00 00
19:54:29.143,0x7DF,STD,8,TX,00 00 00 00 00 00 00 00
19:54:29.154,0x7DF,STD,8,TX,00 00 00 00 00 00 00 00
19:54:29.165,0x7DF,STD,8,TX,00 00 00 00 00 00 00 00
19:54:29.177,0x7DF,STD,8,TX,00 00 00 00 00 00 00 00
19:54:29.188,0x7DF,STD,8,TX,00 00 00 00 00 00 00 00
19:54:29.199,0x7DF,STD,8,TX,00 00 00 00 00 00 00 00
19:54:29.211,0x7DF,STD,8,TX,00 00 00 00 00 00 00 00
19:54:29.222,0x7DF,STD,8,TX,00 00 00 00 00 00 00 00
19:54:29.234,0x7DF,STD,8,TX,00 00 00 00 00 00 00 00
19:54:29.247,0x7DF,STD,8,RX,00 00 00 00 00 00 00 00
19:54:29.247,0x7DF,STD,8,RX,00 00 00 00 00 00 00 00
19:54:29.248,0x7DF,STD,8,RX,00 00 00 00 00 00 00 00
19:54:29.248,0x7DF,STD,8,RX,00 00 00 00 00 00 00 00
19:54:29.248,0x7DF,STD,8,RX,00 00 00 00 00 00 00 00
19:54:29.248,0x7DF,STD,8,RX,00 00 00 00 00 00 00 00
19:54:29.249,0x7DF,STD,8,RX,00 00 00 00 00 00 00 00
19:54:29.249,0x7DF,STD,8,RX,00 00 00 00 00 00 00 00
19:54:29.249,0x7DF,STD,8,RX,00 00 00 00 00 00 00 00
19:54:29.250,0x7DF,STD,8,RX,00 00 00 00 00 00 00 00
19:54:29.250,0x7DF,STD,8,RX,00 00 00 00 00 00 00 00
19:54:29.250,0x7DF,STD,8,RX,00 00 00 00 00 00 00 00
19:54:29.251,0x7DF,STD,8,RX,00 00 00 00 00 00 00 00
19:54:29.251,0x7DF,STD,8,RX,00 00 00 00 00 00 00 00
19:54:29.251,0x7DF,STD,8,RX,00 00 00 00 00 00 00 00
19:54:29.252,0x7DF,STD,8,RX,00 00 00 00 00 00 00 00
19:54:29.252,0x7DF,STD,8,RX,00 00 00 00 00 00 00 00
19:54:29.252,0x7DF,STD,8,RX,00 00 00 00 00 00 00 00
19:54:29.253,0x7DF,STD,8,TX,00 00 00 00 00 00 00 00
19:54:29.265,0x7DF,STD,8,TX,00 00 00 00 00 00 00 00
19:54:29.277,0x7DF,STD,8,TX,00 00 00 00 00 00 00 00
19:54:29.288,0x7DF,STD,8,TX,00 00 00 00 00 00 00 00
19:54:29.299,0x7DF,STD,8,TX,00 00 00 00 00 00 00 00
19:54:29.311,0x7DF,STD,8,TX,00 00 00 00 00 00 00 00
19:54:29.322,0x7DF,STD,8,TX,00 00 00 00 00 00 00 00
19:54:29.332,0x7DF,STD,8,TX,00 00 00 00 00 00 00 00
19:54:29.343,0x7DF,STD,8,TX,00 00 00 00 00 00 00 00
19:54:29.354,0x7DF,STD,8,TX,00 00 00 00 00 00 00 00
19:54:29.365,0x7DF,STD,8,TX,00 00 00 00 00 00 00 00
19:54:29.376,0x7DF,STD,8,TX,00 00 00 00 00 00 00 00
19:54:29.387,0x7DF,STD,8,TX,00 00 00 00 00 00 00 00
19:54:29.398,0x7DF,STD,8,TX,00 00 00 00 00 00 00 00
19:54:29.408,0x7DF,STD,8,TX,00 00 00 00 00 00 00 00
19:54:29.419,0x7DF,STD,8,TX,00 00 00 00 00 00 00 00
19:54:29.430,0x7DF,STD,8,TX,00 00 00 00 00 00 00 00
19:54:29.441,0x7DF,STD,8,TX,00 00 00 00 00 00 00 00
19:54:29.453,0x7DF,STD,8,TX,00 00 00 00 00 00 00 00
19:54:29.453,0x7DF,STD,8,RX,00 00 00 00 00 00 00 00
19:54:29.454,0x7DF,STD,8,RX,00 00 00 00 00 00 00 00
19:54:29.454,0x7DF,STD,8,RX,00 00 00 00 00 00 00 00
19:54:29.454,0x7DF,STD,8,RX,00 00 00 00 00 00 00 00
19:54:29.455,0x7DF,STD,8,RX,00 00 00 00 00 00 00 00
19:54:29.455,0x7DF,STD,8,RX,00 00 00 00 00 00 00 00
19:54:29.455,0x7DF,STD,8,RX,00 00 00 00 00 00 00 00
19:54:29.456,0x7DF,STD,8,RX,00 00 00 00 00 00 00 00
19:54:29.456,0x7DF,STD,8,RX,00 00 00 00 00 00 00 00
19:54:29.456,0x7DF,STD,8,RX,00 00 00 00 00 00 00 00
19:54:29.456,0x7DF,STD,8,RX,00 00 00 00 00 00 00 00
19:54:29.457,0x7DF,STD,8,RX,00 00 00 00 00 00 00 00
19:54:29.457,0x7DF,STD,8,RX,00 00 00 00 00 00 00 00
19:54:29.457,0x7DF,STD,8,RX,00 00 00 00 00 00 00 00
19:54:29.457,0x7DF,STD,8,RX,00 00 00 00 00 00 00 00
19:54:29.458,0x7DF,STD,8,RX,00 00 00 00 00 00 00 00
19:54:29.458,0x7DF,STD,8,RX,00 00 00 00 00 00 00 00
19:54:29.458,0x7DF,STD,8,RX,00 00 00 00 00 00 00 00
19:54:29.470,0x7DF,STD,8,TX,00 00 00 00 00 00 00 00
19:54:29.481,0x7DF,STD,8,TX,00 00 00 00 00 00 00 00
19:54:29.492,0x7DF,STD,8,TX,00 00 00 00 00 00 00 00
19:54:29.502,0x7DF,STD,8,TX,00 00 00 00 00 00 00 00
19:54:29.513,0x7DF,STD,8,TX,00 00 00 00 00 00 00 00
19:54:29.525,0x7DF,STD,8,TX,00 00 00 00 00 00 00 00
19:54:29.536,0x7DF,STD,8,TX,00 00 00 00 00 00 00 00
19:54:29.546,0x7DF,STD,8,TX,00 00 00 00 00 00 00 00
19:54:29.557,0x7DF,STD,8,TX,00 00 00 00 00 00 00 00
19:54:29.568,0x7DF,STD,8,TX,00 00 00 00 00 00 00 00
19:54:29.579,0x7DF,STD,8,TX,00 00 00 00 00 00 00 00
19:54:29.589,0x7DF,STD,8,TX,00 00 00 00 00 00 00 00
19:54:29.600,0x7DF,STD,8,TX,00 00 00 00 00 00 00 00
19:54:29.611,0x7DF,STD,8,TX,00 00 00 00 00 00 00 00
19:54:29.622,0x7DF,STD,8,TX,00 00 00 00 00 00 00 00
19:54:29.632,0x7DF,STD,8,TX,00 00 00 00 00 00 00 00
19:54:29.643,0x7DF,STD,8,TX,00 00 00 00 00 00 00 00
19:54:29.654,0x7DF,STD,8,TX,00 00 00 00 00 00 00 00
19:54:29.665,0x7DF,STD,8,RX,00 00 00 00 00 00 00 00
19:54:29.665,0x7DF,STD,8,RX,00 00 00 00 00 00 00 00
19:54:29.665,0x7DF,STD,8,RX,00 00 00 00 00 00 00 00
19:54:29.666,0x7DF,STD,8,RX,00 00 00 00 00 00 00 00
19:54:29.666,0x7DF,STD,8,RX,00 00 00 00 00 00 00 00
19:54:29.666,0x7DF,STD,8,RX,00 00 00 00 00 00 00 00
19:54:29.666,0x7DF,STD,8,RX,00 00 00 00 00 00 00 00
19:54:29.667,0x7DF,STD,8,RX,00 00 00 00 00 00 00 00
19:54:29.667,0x7DF,STD,8,RX,00 00 00 00 00 00 00 00
19:54:29.667,0x7DF,STD,8,RX,00 00 00 00 00 00 00 00
19:54:29.667,0x7DF,STD,8,RX,00 00 00 00 00 00 00 00
19:54:29.668,0x7DF,STD,8,RX,00 00 00 00 00 00 00 00
19:54:29.668,0x7DF,STD,8,RX,00 00 00 00 00 00 00 00
19:54:29.668,0x7DF,STD,8,RX,00 00 00 00 00 00 00 00
19:54:29.669,0x7DF,STD,8,RX,00 00 00 00 00 00 00 00
19:54:29.669,0x7DF,STD,8,RX,00 00 00 00 00 00 00 00
19:54:29.670,0x7DF,STD,8,RX,00 00 00 00 00 00 00 00
19:54:29.670,0x7DF,STD,8,RX,00 00 00 00 00 00 00 00
19:54:29.670,0x7DF,STD,8,RX,00 00 00 00 00 00 00 00
19:54:29.671,0x7DF,STD,8,TX,00 00 00 00 00 00 00 00
19:54:29.681,0x7DF,STD,8,TX,00 00 00 00 00 00 00 00
19:54:29.693,0x7DF,STD,8,TX,00 00 00 00 00 00 00 00
19:54:29.705,0x7DF,STD,8,TX,00 00 00 00 00 00 00 00
19:54:29.716,0x7DF,STD,8,TX,00 00 00 00 00 00 00 00
19:54:29.727,0x7DF,STD,8,TX,00 00 00 00 00 00 00 00
19:54:29.738,0x7DF,STD,8,TX,00 00 00 00 00 00 00 00
19:54:29.749,0x7DF,STD,8,TX,00 00 00 00 00 00 00 00
19:54:29.760,0x7DF,STD,8,TX,00 00 00 00 00 00 00 00
19:54:29.770,0x7DF,STD,8,TX,00 00 00 00 00 00 00 00
19:54:29.781,0x7DF,STD,8,TX,00 00 00 00 00 00 00 00
19:54:29.792,0x7DF,STD,8,TX,00 00 00 00 00 00 00 00
19:54:29.803,0x7DF,STD,8,TX,00 00 00 00 00 00 00 00
19:54:29.814,0x7DF,STD,8,TX,00 00 00 00 00 00 00 00
19:54:29.824,0x7DF,STD,8,TX,00 00 00 00 00 00 00 00
19:54:29.836,0x7DF,STD,8,TX,00 00 00 00 00 00 00 00
19:54:29.846,0x7DF,STD,8,TX,00 00 00 00 00 00 00 00
19:54:29.857,0x7DF,STD,8,TX,00 00 00 00 00 00 00 00
19:54:29.868,0x7DF,STD,8,TX,00 00 00 00 00 00 00 00
19:54:29.878,0x7DF,STD,8,RX,00 00 00 00 00 00 00 00
19:54:29.878,0x7DF,STD,8,RX,00 00 00 00 00 00 00 00
19:54:29.879,0x7DF,STD,8,RX,00 00 00 00 00 00 00 00
19:54:29.879,0x7DF,STD,8,RX,00 00 00 00 00 00 00 00
19:54:29.879,0x7DF,STD,8,RX,00 00 00 00 00 00 00 00
19:54:29.880,0x7DF,STD,8,RX,00 00 00 00 00 00 00 00
19:54:29.880,0x7DF,STD,8,RX,00 00 00 00 00 00 00 00
19:54:29.880,0x7DF,STD,8,RX,00 00 00 00 00 00 00 00
19:54:29.880,0x7DF,STD,8,RX,00 00 00 00 00 00 00 00
19:54:29.881,0x7DF,STD,8,RX,00 00 00 00 00 00 00 00
19:54:29.881,0x7DF,STD,8,RX,00 00 00 00 00 00 00 00
19:54:29.881,0x7DF,STD,8,RX,00 00 00 00 00 00 00 00
19:54:29.882,0x7DF,STD,8,RX,00 00 00 00 00 00 00 00
19:54:29.882,0x7DF,STD,8,RX,00 00 00 00 00 00 00 00
19:54:29.882,0x7DF,STD,8,RX,00 00 00 00 00 00 00 00
19:54:29.882,0x7DF,STD,8,RX,00 00 00 00 00 00 00 00
19:54:29.883,0x7DF,STD,8,RX,00 00 00 00 00 00 00 00
19:54:29.883,0x7DF,STD,8,RX,00 00 00 00 00 00 00 00
19:54:29.883,0x7DF,STD,8,RX,00 00 00 00 00 00 00 00
19:54:29.884,0x7DF,STD,8,TX,00 00 00 00 00 00 00 00
19:54:29.894,0x7DF,STD,8,TX,00 00 00 00 00 00 00 00
19:54:29.905,0x7DF,STD,8,TX,00 00 00 00 00 00 00 00
19:54:29.916,0x7DF,STD,8,TX,00 00 00 00 00 00 00 00
19:54:29.926,0x7DF,STD,8,TX,00 00 00 00 00 00 00 00
19:54:29.937,0x7DF,STD,8,TX,00 00 00 00 00 00 00 00
19:54:29.948,0x7DF,STD,8,TX,00 00 00 00 00 00 00 00
19:54:29.959,0x7DF,STD,8,TX,00 00 00 00 00 00 00 00
19:54:29.971,0x7DF,STD,8,TX,00 00 00 00 00 00 00 00
19:54:29.982,0x7DF,STD,8,TX,00 00 00 00 00 00 00 00
19:54:29.993,0x7DF,STD,8,TX,00 00 00 00 00 00 00 00
19:54:30.003,0x7DF,STD,8,TX,00 00 00 00 00 00 00 00
19:54:30.014,0x7DF,STD,8,TX,00 00 00 00 00 00 00 00
19:54:30.025,0x7DF,STD,8,TX,00 00 00 00 00 00 00 00
19:54:30.036,0x7DF,STD,8,TX,00 00 00 00 00 00 00 00
19:54:30.046,0x7DF,STD,8,TX,00 00 00 00 00 00 00 00
19:54:30.057,0x7DF,STD,8,TX,00 00 00 00 00 00 00 00
19:54:30.068,0x7DF,STD,8,TX,00 00 00 00 00 00 00 00
19:54:30.078,0x7DF,STD,8,TX,00 00 00 00 00 00 00 00
19:54:30.088,0x7DF,STD,8,RX,00 00 00 00 00 00 00 00
19:54:30.089,0x7DF,STD,8,RX,00 00 00 00 00 00 00 00
19:54:30.089,0x7DF,STD,8,RX,00 00 00 00 00 00 00 00
19:54:30.089,0x7DF,STD,8,RX,00 00 00 00 00 00 00 00
19:54:30.090,0x7DF,STD,8,RX,00 00 00 00 00 00 00 00
19:54:30.090,0x7DF,STD,8,RX,00 00 00 00 00 00 00 00
19:54:30.090,0x7DF,STD,8,RX,00 00 00 00 00 00 00 00
19:54:30.091,0x7DF,STD,8,RX,00 00 00 00 00 00 00 00
19:54:30.091,0x7DF,STD,8,RX,00 00 00 00 00 00 00 00
19:54:30.091,0x7DF,STD,8,RX,00 00 00 00 00 00 00 00
19:54:30.091,0x7DF,STD,8,RX,00 00 00 00 00 00 00 00
19:54:30.092,0x7DF,STD,8,RX,00 00 00 00 00 00 00 00
19:54:30.092,0x7DF,STD,8,RX,00 00 00 00 00 00 00 00
19:54:30.092,0x7DF,STD,8,RX,00 00 00 00 00 00 00 00
19:54:30.093,0x7DF,STD,8,RX,00 00 00 00 00 00 00 00
19:54:30.093,0x7DF,STD,8,RX,00 00 00 00 00 00 00 00
19:54:30.093,0x7DF,STD,8,RX,00 00 00 00 00 00 00 00
19:54:30.094,0x7DF,STD,8,RX,00 00 00 00 00 00 00 00
19:54:30.094,0x7DF,STD,8,RX,00 00 00 00 00 00 00 00
19:54:30.094,0x7DF,STD,8,TX,00 00 00 00 00 00 00 00
19:54:30.105,0x7DF,STD,8,TX,00 00 00 00 00 00 00 00
19:54:30.116,0x7DF,STD,8,TX,00 00 00 00 00 00 00 00
19:54:30.127,0x7DF,STD,8,TX,00 00 00 00 00 00 00 00
19:54:30.137,0x7DF,STD,8,TX,00 00 00 00 00 00 00 00
19:54:30.148,0x7DF,STD,8,TX,00 00 00 00 00 00 00 00
19:54:30.159,0x7DF,STD,8,TX,00 00 00 00 00 00 00 00
19:54:30.169,0x7DF,STD,8,TX,00 00 00 00 00 00 00 00
19:54:30.180,0x7DF,STD,8,TX,00 00 00 00 00 00 00 00
19:54:30.191,0x7DF,STD,8,TX,00 00 00 00 00 00 00 00
19:54:30.202,0x7DF,STD,8,TX,00 00 00 00 00 00 00 00
19:54:30.213,0x7DF,STD,8,TX,00 00 00 00 00 00 00 00
19:54:30.224,0x7DF,STD,8,TX,00 00 00 00 00 00 00 00
19:54:30.234,0x7DF,STD,8,TX,00 00 00 00 00 00 00 00
19:54:30.245,0x7DF,STD,8,TX,00 00 00 00 00 00 00 00
19:54:30.256,0x7DF,STD,8,TX,00 00 00 00 00 00 00 00
19:54:30.267,0x7DF,STD,8,TX,00 00 00 00 00 00 00 00
19:54:30.278,0x7DF,STD,8,TX,00 00 00 00 00 00 00 00
19:54:30.289,0x7DF,STD,8,TX,00 00 00 00 00 00 00 00
19:54:30.299,0x7DF,STD,8,RX,00 00 00 00 00 00 00 00
19:54:30.299,0x7DF,STD,8,RX,00 00 00 00 00 00 00 00
19:54:30.300,0x7DF,STD,8,RX,00 00 00 00 00 00 00 00
19:54:30.300,0x7DF,STD,8,RX,00 00 00 00 00 00 00 00
19:54:30.300,0x7DF,STD,8,RX,00 00 00 00 00 00 00 00
19:54:30.301,0x7DF,STD,8,RX,00 00 00 00 00 00 00 00
19:54:30.301,0x7DF,STD,8,RX,00 00 00 00 00 00 00 00
19:54:30.301,0x7DF,STD,8,RX,00 00 00 00 00 00 00 00
19:54:30.302,0x7DF,STD,8,RX,00 00 00 00 00 00 00 00
19:54:30.302,0x7DF,STD,8,RX,00 00 00 00 00 00 00 00
19:54:30.302,0x7DF,STD,8,RX,00 00 00 00 00 00 00 00
19:54:30.303,0x7DF,STD,8,RX,00 00 00 00 00 00 00 00
19:54:30.303,0x7DF,STD,8,RX,00 00 00 00 00 00 00 00
19:54:30.303,0x7DF,STD,8,RX,00 00 00 00 00 00 00 00
19:54:30.303,0x7DF,STD,8,RX,00 00 00 00 00 00 00 00
19:54:30.304,0x7DF,STD,8,RX,00 00 00 00 00 00 00 00
19:54:30.304,0x7DF,STD,8,RX,00 00 00 00 00 00 00 00
19:54:30.304,0x7DF,STD,8,RX,00 00 00 00 00 00 00 00
19:54:30.305,0x7DF,STD,8,TX,00 00 00 00 00 00 00 00
19:54:30.315,0x7DF,STD,8,TX,00 00 00 00 00 00 00 00
19:54:30.326,0x7DF,STD,8,TX,00 00 00 00 00 00 00 00
19:54:30.337,0x7DF,STD,8,TX,00 00 00 00 00 00 00 00
19:54:30.347,0x7DF,STD,8,TX,00 00 00 00 00 00 00 00
19:54:30.358,0x7DF,STD,8,TX,00 00 00 00 00 00 00 00
19:54:30.369,0x7DF,STD,8,TX,00 00 00 00 00 00 00 00
19:54:30.380,0x7DF,STD,8,TX,00 00 00 00 00 00 00 00
19:54:30.391,0x7DF,STD,8,TX,00 00 00 00 00 00 00 00
19:54:30.402,0x7DF,STD,8,TX,00 00 00 00 00 00 00 00
19:54:30.412,0x7DF,STD,8,TX,00 00 00 00 00 00 00 00
19:54:30.423,0x7DF,STD,8,TX,00 00 00 00 00 00 00 00
19:54:30.434,0x7DF,STD,8,TX,00 00 00 00 00 00 00 00
19:54:30.444,0x7DF,STD,8,TX,00 00 00 00 00 00 00 00
19:54:30.455,0x7DF,STD,8,TX,00 00 00 00 00 00 00 00
19:54:30.466,0x7DF,STD,8,TX,00 00 00 00 00 00 00 00
19:54:30.478,0x7DF,STD,8,TX,00 00 00 00 00 00 00 00
19:54:30.489,0x7DF,STD,8,TX,00 00 00 00 00 00 00 00
19:54:30.500,0x7DF,STD,8,TX,00 00 00 00 00 00 00 00
19:54:30.511,0x7DF,STD,8,RX,00 00 00 00 00 00 00 00
19:54:30.511,0x7DF,STD,8,RX,00 00 00 00 00 00 00 00
19:54:30.512,0x7DF,STD,8,RX,00 00 00 00 00 00 00 00
19:54:30.512,0x7DF,STD,8,RX,00 00 00 00 00 00 00 00
19:54:30.512,0x7DF,STD,8,RX,00 00 00 00 00 00 00 00
19:54:30.513,0x7DF,STD,8,RX,00 00 00 00 00 00 00 00
19:54:30.513,0x7DF,STD,8,RX,00 00 00 00 00 00 00 00
19:54:30.514,0x7DF,STD,8,RX,00 00 00 00 00 00 00 00
19:54:30.514,0x7DF,STD,8,RX,00 00 00 00 00 00 00 00
19:54:30.514,0x7DF,STD,8,RX,00 00 00 00 00 00 00 00
19:54:30.515,0x7DF,STD,8,RX,00 00 00 00 00 00 00 00
19:54:30.515,0x7DF,STD,8,RX,00 00 00 00 00 00 00 00
19:54:30.515,0x7DF,STD,8,RX,00 00 00 00 00 00 00 00
19:54:30.516,0x7DF,STD,8,RX,00 00 00 00 00 00 00 00
19:54:30.516,0x7DF,STD,8,RX,00 00 00 00 00 00 00 00
19:54:30.516,0x7DF,STD,8,RX,00 00 00 00 00 00 00 00
19:54:30.517,0x7DF,STD,8,RX,00 00 00 00 00 00 00 00
19:54:30.517,0x7DF,STD,8,RX,00 00 00 00 00 00 00 00
19:54:30.517,0x7DF,STD,8,RX,00 00 00 00 00 00 00 00
19:54:30.517,0x7DF,STD,8,RX,00 00 00 00 00 00 00 00
19:54:30.518,0x7DF,STD,8,TX,00 00 00 00 00 00 00 00
19:54:30.529,0x7DF,STD,8,TX,00 00 00 00 00 00 00 00
19:54:30.540,0x7DF,STD,8,TX,00 00 00 00 00 00 00 00
19:54:30.550,0x7DF,STD,8,TX,00 00 00 00 00 00 00 00
19:54:30.561,0x7DF,STD,8,TX,00 00 00 00 00 00 00 00
19:54:30.572,0x7DF,STD,8,TX,00 00 00 00 00 00 00 00
19:54:30.583,0x7DF,STD,8,TX,00 00 00 00 00 00 00 00
19:54:30.593,0x7DF,STD,8,TX,00 00 00 00 00 00 00 00
19:54:30.604,0x7DF,STD,8,TX,00 00 00 00 00 00 00 00
19:54:30.615,0x7DF,STD,8,TX,00 00 00 00 00 00 00 00
19:54:30.626,0x7DF,STD,8,TX,00 00 00 00 00 00 00 00
19:54:30.636,0x7DF,STD,8,TX,00 00 00 00 00 00 00 00
19:54:30.647,0x7DF,STD,8,TX,00 00 00 00 00 00 00 00
19:54:30.658,0x7DF,STD,8,TX,00 00 00 00 00 00 00 00
19:54:30.669,0x7DF,STD,8,TX,00 00 00 00 00 00 00 00
19:54:30.681,0x7DF,STD,8,TX,00 00 00 00 00 00 00 00
19:54:30.691,0x7DF,STD,8,TX,00 00 00 00 00 00 00 00
19:54:30.702,0x7DF,STD,8,TX,00 00 00 00 00 00 00 00
19:54:30.713,0x7DF,STD,8,TX,00 00 00 00 00 00 00 00
19:54:30.723,0x7DF,STD,8,RX,00 00 00 00 00 00 00 00
19:54:30.723,0x7DF,STD,8,RX,00 00 00 00 00 00 00 00
19:54:30.724,0x7DF,STD,8,RX,00 00 00 00 00 00 00 00
19:54:30.724,0x7DF,STD,8,RX,00 00 00 00 00 00 00 00
19:54:30.724,0x7DF,STD,8,RX,00 00 00 00 00 00 00 00
19:54:30.725,0x7DF,STD,8,RX,00 00 00 00 00 00 00 00
19:54:30.725,0x7DF,STD,8,RX,00 00 00 00 00 00 00 00
19:54:30.725,0x7DF,STD,8,RX,00 00 00 00 00 00 00 00
19:54:30.726,0x7DF,STD,8,RX,00 00 00 00 00 00 00 00
19:54:30.726,0x7DF,STD,8,RX,00 00 00 00 00 00 00 00
19:54:30.726,0x7DF,STD,8,RX,00 00 00 00 00 00 00 00
19:54:30.727,0x7DF,STD,8,RX,00 00 00 00 00 00 00 00
19:54:30.727,0x7DF,STD,8,RX,00 00 00 00 00 00 00 00
19:54:30.727,0x7DF,STD,8,RX,00 00 00 00 00 00 00 00
19:54:30.728,0x7DF,STD,8,RX,00 00 00 00 00 00 00 00
19:54:30.728,0x7DF,STD,8,RX,00 00 00 00 00 00 00 00
19:54:30.728,0x7DF,STD,8,RX,00 00 00 00 00 00 00 00
19:54:30.728,0x7DF,STD,8,RX,00 00 00 00 00 00 00 00
19:54:30.729,0x7DF,STD,8,TX,00 00 00 00 00 00 00 00
19:54:30.740,0x7DF,STD,8,TX,00 00 00 00 00 00 00 00
19:54:30.750,0x7DF,STD,8,TX,00 00 00 00 00 00 00 00
19:54:30.761,0x7DF,STD,8,TX,00 00 00 00 00 00 00 00
19:54:30.772,0x7DF,STD,8,TX,00 00 00 00 00 00 00 00
19:54:30.783,0x7DF,STD,8,TX,00 00 00 00 00 00 00 00
19:54:30.794,0x7DF,STD,8,TX,00 00 00 00 00 00 00 00
19:54:30.804,0x7DF,STD,8,TX,00 00 00 00 00 00 00 00
19:54:30.815,0x7DF,STD,8,TX,00 00 00 00 00 00 00 00
19:54:30.826,0x7DF,STD,8,TX,00 00 00 00 00 00 00 00
19:54:30.837,0x7DF,STD,8,TX,00 00 00 00 00 00 00 00
19:54:30.847,0x7DF,STD,8,TX,00 00 00 00 00 00 00 00
19:54:30.858,0x7DF,STD,8,TX,00 00 00 00 00 00 00 00
19:54:30.869,0x7DF,STD,8,TX,00 00 00 00 00 00 00 00
19:54:30.879,0x7DF,STD,8,TX,00 00 00 00 00 00 00 00
19:54:30.890,0x7DF,STD,8,TX,00 00 00 00 00 00 00 00
19:54:30.901,0x7DF,STD,8,TX,00 00 00 00 00 00 00 00
19:54:30.912,0x7DF,STD,8,TX,00 00 00 00 00 00 00 00
19:54:30.923,0x7DF,STD,8,TX,00 00 00 00 00 00 00 00
19:54:30.932,0x7DF,STD,8,RX,00 00 00 00 00 00 00 00
19:54:30.933,0x7DF,STD,8,RX,00 00 00 00 00 00 00 00
19:54:30.933,0x7DF,STD,8,RX,00 00 00 00 00 00 00 00
19:54:30.934,0x7DF,STD,8,RX,00 00 00 00 00 00 00 00
19:54:30.934,0x7DF,STD,8,RX,00 00 00 00 00 00 00 00
19:54:30.934,0x7DF,STD,8,RX,00 00 00 00 00 00 00 00
19:54:30.935,0x7DF,STD,8,RX,00 00 00 00 00 00 00 00
19:54:30.935,0x7DF,STD,8,RX,00 00 00 00 00 00 00 00
19:54:30.935,0x7DF,STD,8,RX,00 00 00 00 00 00 00 00
19:54:30.936,0x7DF,STD,8,RX,00 00 00 00 00 00 00 00
19:54:30.936,0x7DF,STD,8,RX,00 00 00 00 00 00 00 00
19:54:30.936,0x7DF,STD,8,RX,00 00 00 00 00 00 00 00
19:54:30.936,0x7DF,STD,8,RX,00 00 00 00 00 00 00 00
19:54:30.937,0x7DF,STD,8,RX,00 00 00 00 00 00 00 00
19:54:30.937,0x7DF,STD,8,RX,00 00 00 00 00 00 00 00
19:54:30.937,0x7DF,STD,8,RX,00 00 00 00 00 00 00 00
19:54:30.938,0x7DF,STD,8,RX,00 00 00 00 00 00 00 00
19:54:30.938,0x7DF,STD,8,RX,00 00 00 00 00 00 00 00
19:54:30.938,0x7DF,STD,8,RX,00 00 00 00 00 00 00 00
19:54:30.939,0x7DF,STD,8,TX,00 00 00 00 00 00 00 00
19:54:30.949,0x7DF,STD,8,TX,00 00 00 00 00 00 00 00
19:54:30.960,0x7DF,STD,8,TX,00 00 00 00 00 00 00 00
19:54:30.971,0x7DF,STD,8,TX,00 00 00 00 00 00 00 00
19:54:30.984,0x7DF,STD,8,TX,00 00 00 00 00 00 00 00
19:54:30.995,0x7DF,STD,8,TX,00 00 00 00 00 00 00 00
19:54:31.005,0x7DF,STD,8,TX,00 00 00 00 00 00 00 00
19:54:31.016,0x7DF,STD,8,TX,00 00 00 00 00 00 00 00
19:54:31.027,0x7DF,STD,8,TX,00 00 00 00 00 00 00 00
19:54:31.038,0x7DF,STD,8,TX,00 00 00 00 00 00 00 00
19:54:31.049,0x7DF,STD,8,TX,00 00 00 00 00 00 00 00
19:54:31.059,0x7DF,STD,8,TX,00 00 00 00 00 00 00 00
19:54:31.070,0x7DF,STD,8,TX,00 00 00 00 00 00 00 00
19:54:31.081,0x7DF,STD,8,TX,00 00 00 00 00 00 00 00
19:54:31.162,0x7DF,STD,8,TX,00 00 00 00 00 00 00 00
19:54:31.162,0x7DF,STD,8,RX,00 00 00 00 00 00 00 00
19:54:31.162,0x7DF,STD,8,RX,00 00 00 00 00 00 00 00
19:54:31.163,0x7DF,STD,8,RX,00 00 00 00 00 00 00 00
19:54:31.163,0x7DF,STD,8,RX,00 00 00 00 00 00 00 00
19:54:31.163,0x7DF,STD,8,RX,00 00 00 00 00 00 00 00
19:54:31.163,0x7DF,STD,8,RX,00 00 00 00 00 00 00 00
19:54:31.163,0x7DF,STD,8,RX,00 00 00 00 00 00 00 00
19:54:31.164,0x7DF,STD,8,RX,00 00 00 00 00 00 00 00
19:54:31.164,0x7DF,STD,8,RX,00 00 00 00 00 00 00 00
19:54:31.164,0x7DF,STD,8,RX,00 00 00 00 00 00 00 00
19:54:31.164,0x7DF,STD,8,RX,00 00 00 00 00 00 00 00
19:54:31.164,0x7DF,STD,8,RX,00 00 00 00 00 00 00 00
19:54:31.165,0x7DF,STD,8,RX,00 00 00 00 00 00 00 00
19:54:31.165,0x7DF,STD,8,RX,00 00 00 00 00 00 00 00
19:54:31.165,0x7DF,STD,8,RX,00 00 00 00 00 00 00 00
19:54:31.176,0x7DF,STD,8,TX,00 00 00 00 00 00 00 00
19:54:31.186,0x7DF,STD,8,TX,00 00 00 00 00 00 00 00
19:54:31.197,0x7DF,STD,8,TX,00 00 00 00 00 00 00 00
19:54:31.208,0x7DF,STD,8,TX,00 00 00 00 00 00 00 00
19:54:31.218,0x7DF,STD,8,TX,00 00 00 00 00 00 00 00
19:54:31.229,0x7DF,STD,8,TX,00 00 00 00 00 00 00 00
19:54:31.239,0x7DF,STD,8,TX,00 00 00 00 00 00 00 00
19:54:31.250,0x7DF,STD,8,TX,00 00 00 00 00 00 00 00
19:54:31.261,0x7DF,STD,8,TX,00 00 00 00 00 00 00 00
19:54:31.271,0x7DF,STD,8,TX,00 00 00 00 00 00 00 00
19:54:31.282,0x7DF,STD,8,TX,00 00 00 00 00 00 00 00
19:54:31.292,0x7DF,STD,8,TX,00 00 00 00 00 00 00 00
19:54:31.303,0x7DF,STD,8,TX,00 00 00 00 00 00 00 00
19:54:31.313,0x7DF,STD,8,TX,00 00 00 00 00 00 00 00
19:54:31.324,0x7DF,STD,8,TX,00 00 00 00 00 00 00 00
19:54:31.335,0x7DF,STD,8,TX,00 00 00 00 00 00 00 00
19:54:31.345,0x7DF,STD,8,TX,00 00 00 00 00 00 00 00
19:54:31.356,0x7DF,STD,8,TX,00 00 00 00 00 00 00 00
19:54:31.365,0x7DF,STD,8,RX,00 00 00 00 00 00 00 00
19:54:31.366,0x7DF,STD,8,RX,00 00 00 00 00 00 00 00
19:54:31.366,0x7DF,STD,8,RX,00 00 00 00 00 00 00 00
19:54:31.366,0x7DF,STD,8,RX,00 00 00 00 00 00 00 00
19:54:31.366,0x7DF,STD,8,RX,00 00 00 00 00 00 00 00
19:54:31.366,0x7DF,STD,8,RX,00 00 00 00 00 00 00 00
19:54:31.367,0x7DF,STD,8,RX,00 00 00 00 00 00 00 00
19:54:31.367,0x7DF,STD,8,RX,00 00 00 00 00 00 00 00
19:54:31.367,0x7DF,STD,8,RX,00 00 00 00 00 00 00 00
19:54:31.367,0x7DF,STD,8,RX,00 00 00 00 00 00 00 00
19:54:31.367,0x7DF,STD,8,RX,00 00 00 00 00 00 00 00
19:54:31.368,0x7DF,STD,8,RX,00 00 00 00 00 00 00 00
19:54:31.368,0x7DF,STD,8,RX,00 00 00 00 00 00 00 00
19:54:31.368,0x7DF,STD,8,RX,00 00 00 00 00 00 00 00
19:54:31.368,0x7DF,STD,8,RX,00 00 00 00 00 00 00 00
19:54:31.368,0x7DF,STD,8,RX,00 00 00 00 00 00 00 00
19:54:31.369,0x7DF,STD,8,RX,00 00 00 00 00 00 00 00
19:54:31.369,0x7DF,STD,8,RX,00 00 00 00 00 00 00 00
19:54:31.369,0x7DF,STD,8,RX,00 00 00 00 00 00 00 00
19:54:31.369,0x7DF,STD,8,TX,00 00 00 00 00 00 00 00
19:54:31.380,0x7DF,STD,8,TX,00 00 00 00 00 00 00 00
19:54:31.391,0x7DF,STD,8,TX,00 00 00 00 00 00 00 00
19:54:31.401,0x7DF,STD,8,TX,00 00 00 00 00 00 00 00
19:54:31.412,0x7DF,STD,8,TX,00 00 00 00 00 00 00 00
19:54:31.423,0x7DF,STD,8,TX,00 00 00 00 00 00 00 00
19:54:31.433,0x7DF,STD,8,TX,00 00 00 00 00 00 00 00
19:54:31.444,0x7DF,STD,8,TX,00 00 00 00 00 00 00 00
19:54:31.455,0x7DF,STD,8,TX,00 00 00 00 00 00 00 00
19:54:31.465,0x7DF,STD,8,TX,00 00 00 00 00 00 00 00
19:54:31.476,0x7DF,STD,8,TX,00 00 00 00 00 00 00 00
19:54:31.488,0x7DF,STD,8,TX,00 00 00 00 00 00 00 00
19:54:31.498,0x7DF,STD,8,TX,00 00 00 00 00 00 00 00
19:54:31.509,0x7DF,STD,8,TX,00 00 00 00 00 00 00 00
19:54:31.519,0x7DF,STD,8,TX,00 00 00 00 00 00 00 00
19:54:31.530,0x7DF,STD,8,TX,00 00 00 00 00 00 00 00
19:54:31.541,0x7DF,STD,8,TX,00 00 00 00 00 00 00 00
19:54:31.551,0x7DF,STD,8,TX,00 00 00 00 00 00 00 00
19:54:31.562,0x7DF,STD,8,TX,00 00 00 00 00 00 00 00
19:54:31.572,0x7DF,STD,8,RX,00 00 00 00 00 00 00 00
19:54:31.573,0x7DF,STD,8,RX,00 00 00 00 00 00 00 00
19:54:31.573,0x7DF,STD,8,RX,00 00 00 00 00 00 00 00
19:54:31.573,0x7DF,STD,8,RX,00 00 00 00 00 00 00 00
19:54:31.573,0x7DF,STD,8,RX,00 00 00 00 00 00 00 00
19:54:31.573,0x7DF,STD,8,RX,00 00 00 00 00 00 00 00
19:54:31.574,0x7DF,STD,8,RX,00 00 00 00 00 00 00 00
19:54:31.574,0x7DF,STD,8,RX,00 00 00 00 00 00 00 00
19:54:31.574,0x7DF,STD,8,RX,00 00 00 00 00 00 00 00
19:54:31.574,0x7DF,STD,8,RX,00 00 00 00 00 00 00 00
19:54:31.575,0x7DF,STD,8,RX,00 00 00 00 00 00 00 00
19:54:31.575,0x7DF,STD,8,RX,00 00 00 00 00 00 00 00
19:54:31.575,0x7DF,STD,8,RX,00 00 00 00 00 00 00 00
19:54:31.575,0x7DF,STD,8,RX,00 00 00 00 00 00 00 00
19:54:31.575,0x7DF,STD,8,RX,00 00 00 00 00 00 00 00
19:54:31.576,0x7DF,STD,8,RX,00 00 00 00 00 00 00 00
19:54:31.576,0x7DF,STD,8,RX,00 00 00 00 00 00 00 00
19:54:31.576,0x7DF,STD,8,RX,00 00 00 00 00 00 00 00
19:54:31.576,0x7DF,STD,8,RX,00 00 00 00 00 00 00 00
19:54:31.576,0x7DF,STD,8,TX,00 00 00 00 00 00 00 00
19:54:31.587,0x7DF,STD,8,TX,00 00 00 00 00 00 00 00
19:54:31.597,0x7DF,STD,8,TX,00 00 00 00 00 00 00 00
19:54:31.608,0x7DF,STD,8,TX,00 00 00 00 00 00 00 00
19:54:31.618,0x7DF,STD,8,TX,00 00 00 00 00 00 00 00
19:54:31.629,0x7DF,STD,8,TX,00 00 00 00 00 00 00 00
19:54:31.640,0x7DF,STD,8,TX,00 00 00 00 00 00 00 00
19:54:31.650,0x7DF,STD,8,TX,00 00 00 00 00 00 00 00
19:54:31.661,0x7DF,STD,8,TX,00 00 00 00 00 00 00 00
19:54:31.671,0x7DF,STD,8,TX,00 00 00 00 00 00 00 00
19:54:31.682,0x7DF,STD,8,TX,00 00 00 00 00 00 00 00
19:54:31.692,0x7DF,STD,8,TX,00 00 00 00 00 00 00 00
19:54:31.703,0x7DF,STD,8,TX,00 00 00 00 00 00 00 00
19:54:31.714,0x7DF,STD,8,TX,00 00 00 00 00 00 00 00
19:54:31.725,0x7DF,STD,8,TX,00 00 00 00 00 00 00 00
19:54:31.736,0x7DF,STD,8,TX,00 00 00 00 00 00 00 00
19:54:31.746,0x7DF,STD,8,TX,00 00 00 00 00 00 00 00
19:54:31.757,0x7DF,STD,8,TX,00 00 00 00 00 00 00 00
19:54:31.768,0x7DF,STD,8,TX,00 00 00 00 00 00 00 00
19:54:31.778,0x7DF,STD,8,RX,00 00 00 00 00 00 00 00
19:54:31.778,0x7DF,STD,8,RX,00 00 00 00 00 00 00 00
19:54:31.778,0x7DF,STD,8,RX,00 00 00 00 00 00 00 00
19:54:31.778,0x7DF,STD,8,RX,00 00 00 00 00 00 00 00
19:54:31.779,0x7DF,STD,8,RX,00 00 00 00 00 00 00 00
19:54:31.779,0x7DF,STD,8,RX,00 00 00 00 00 00 00 00
19:54:31.779,0x7DF,STD,8,RX,00 00 00 00 00 00 00 00
19:54:31.779,0x7DF,STD,8,RX,00 00 00 00 00 00 00 00
19:54:31.779,0x7DF,STD,8,RX,00 00 00 00 00 00 00 00
19:54:31.780,0x7DF,STD,8,RX,00 00 00 00 00 00 00 00
19:54:31.780,0x7DF,STD,8,RX,00 00 00 00 00 00 00 00
19:54:31.780,0x7DF,STD,8,RX,00 00 00 00 00 00 00 00
19:54:31.780,0x7DF,STD,8,RX,00 00 00 00 00 00 00 00
19:54:31.780,0x7DF,STD,8,RX,00 00 00 00 00 00 00 00
19:54:31.781,0x7DF,STD,8,RX,00 00 00 00 00 00 00 00
19:54:31.781,0x7DF,STD,8,RX,00 00 00 00 00 00 00 00
19:54:31.781,0x7DF,STD,8,RX,00 00 00 00 00 00 00 00
19:54:31.781,0x7DF,STD,8,RX,00 00 00 00 00 00 00 00
19:54:31.781,0x7DF,STD,8,TX,00 00 00 00 00 00 00 00
19:54:31.792,0x7DF,STD,8,TX,00 00 00 00 00 00 00 00
19:54:31.803,0x7DF,STD,8,TX,00 00 00 00 00 00 00 00
19:54:31.814,0x7DF,STD,8,TX,00 00 00 00 00 00 00 00
19:54:31.824,0x7DF,STD,8,TX,00 00 00 00 00 00 00 00
19:54:31.835,0x7DF,STD,8,TX,00 00 00 00 00 00 00 00
19:54:31.846,0x7DF,STD,8,TX,00 00 00 00 00 00 00 00
19:54:31.856,0x7DF,STD,8,TX,00 00 00 00 00 00 00 00
19:54:31.867,0x7DF,STD,8,TX,00 00 00 00 00 00 00 00
19:54:31.881,0x7DF,STD,8,TX,00 00 00 00 00 00 00 00
19:54:31.897,0x7DF,STD,8,TX,00 00 00 00 00 00 00 00
19:54:31.908,0x7DF,STD,8,TX,00 00 00 00 00 00 00 00
19:54:31.919,0x7DF,STD,8,TX,00 00 00 00 00 00 00 00
19:54:31.930,0x7DF,STD,8,TX,00 00 00 00 00 00 00 00
19:54:31.941,0x7DF,STD,8,TX,00 00 00 00 00 00 00 00
19:54:31.951,0x7DF,STD,8,TX,00 00 00 00 00 00 00 00
19:54:31.962,0x7DF,STD,8,TX,00 00 00 00 00 00 00 00
19:54:31.972,0x7DF,STD,8,TX,00 00 00 00 00 00 00 00
19:54:31.983,0x7DF,STD,8,RX,00 00 00 00 00 00 00 00
19:54:31.983,0x7DF,STD,8,RX,00 00 00 00 00 00 00 00
19:54:31.983,0x7DF,STD,8,RX,00 00 00 00 00 00 00 00
19:54:31.984,0x7DF,STD,8,RX,00 00 00 00 00 00 00 00
19:54:31.984,0x7DF,STD,8,RX,00 00 00 00 00 00 00 00
19:54:31.984,0x7DF,STD,8,RX,00 00 00 00 00 00 00 00
19:54:31.984,0x7DF,STD,8,RX,00 00 00 00 00 00 00 00
19:54:31.984,0x7DF,STD,8,RX,00 00 00 00 00 00 00 00
19:54:31.984,0x7DF,STD,8,RX,00 00 00 00 00 00 00 00
19:54:31.985,0x7DF,STD,8,RX,00 00 00 00 00 00 00 00
19:54:31.985,0x7DF,STD,8,RX,00 00 00 00 00 00 00 00
19:54:31.985,0x7DF,STD,8,RX,00 00 00 00 00 00 00 00
19:54:31.986,0x7DF,STD,8,RX,00 00 00 00 00 00 00 00
19:54:31.986,0x7DF,STD,8,RX,00 00 00 00 00 00 00 00
19:54:31.986,0x7DF,STD,8,RX,00 00 00 00 00 00 00 00
19:54:31.986,0x7DF,STD,8,RX,00 00 00 00 00 00 00 00
19:54:31.986,0x7DF,STD,8,RX,00 00 00 00 00 00 00 00
19:54:31.986,0x7DF,STD,8,RX,00 00 00 00 00 00 00 00
19:54:31.987,0x7DF,STD,8,RX,00 00 00 00 00 00 00 00
19:54:31.987,0x7DF,STD,8,TX,00 00 00 00 00 00 00 00
19:54:31.999,0x7DF,STD,8,TX,00 00 00 00 00 00 00 00
19:54:32.010,0x7DF,STD,8,TX,00 00 00 00 00 00 00 00
19:54:32.020,0x7DF,STD,8,TX,00 00 00 00 00 00 00 00
19:54:32.031,0x7DF,STD,8,TX,00 00 00 00 00 00 00 00
19:54:32.042,0x7DF,STD,8,TX,00 00 00 00 00 00 00 00
19:54:32.052,0x7DF,STD,8,TX,00 00 00 00 00 00 00 00
19:54:32.063,0x7DF,STD,8,TX,00 00 00 00 00 00 00 00
19:54:32.074,0x7DF,STD,8,TX,00 00 00 00 00 00 00 00
19:54:32.084,0x7DF,STD,8,TX,00 00 00 00 00 00 00 00
19:54:32.095,0x7DF,STD,8,TX,00 00 00 00 00 00 00 00
19:54:32.105,0x7DF,STD,8,TX,00 00 00 00 00 00 00 00
19:54:32.116,0x7DF,STD,8,TX,00 00 00 00 00 00 00 00
19:54:32.127,0x7DF,STD,8,TX,00 00 00 00 00 00 00 00
19:54:32.138,0x7DF,STD,8,TX,00 00 00 00 00 00 00 00
19:54:32.150,0x7DF,STD,8,TX,00 00 00 00 00 00 00 00
19:54:32.161,0x7DF,STD,8,TX,00 00 00 00 00 00 00 00
19:54:32.173,0x7DF,STD,8,TX,00 00 00 00 00 00 00 00
19:54:32.186,0x7DF,STD,8,TX,00 00 00 00 00 00 00 00
19:54:32.199,0x7DF,STD,8,RX,00 00 00 00 00 00 00 00
19:54:32.200,0x7DF,STD,8,RX,00 00 00 00 00 00 00 00
19:54:32.200,0x7DF,STD,8,RX,00 00 00 00 00 00 00 00
19:54:32.200,0x7DF,STD,8,RX,00 00 00 00 00 00 00 00
19:54:32.201,0x7DF,STD,8,RX,00 00 00 00 00 00 00 00
19:54:32.201,0x7DF,STD,8,RX,00 00 00 00 00 00 00 00
19:54:32.201,0x7DF,STD,8,RX,00 00 00 00 00 00 00 00
19:54:32.201,0x7DF,STD,8,RX,00 00 00 00 00 00 00 00
19:54:32.202,0x7DF,STD,8,RX,00 00 00 00 00 00 00 00
19:54:32.202,0x7DF,STD,8,RX,00 00 00 00 00 00 00 00
19:54:32.202,0x7DF,STD,8,RX,00 00 00 00 00 00 00 00
19:54:32.202,0x7DF,STD,8,RX,00 00 00 00 00 00 00 00
19:54:32.203,0x7DF,STD,8,RX,00 00 00 00 00 00 00 00
19:54:32.203,0x7DF,STD,8,RX,00 00 00 00 00 00 00 00
19:54:32.203,0x7DF,STD,8,RX,00 00 00 00 00 00 00 00
19:54:32.204,0x7DF,STD,8,RX,00 00 00 00 00 00 00 00
19:54:32.204,0x7DF,STD,8,RX,00 00 00 00 00 00 00 00
19:54:32.204,0x7DF,STD,8,RX,00 00 00 00 00 00 00 00
19:54:32.204,0x7DF,STD,8,RX,00 00 00 00 00 00 00 00
19:54:32.205,0x7DF,STD,8,TX,00 00 00 00 00 00 00 00
19:54:32.216,0x7DF,STD,8,TX,00 00 00 00 00 00 00 00
19:54:32.228,0x7DF,STD,8,TX,00 00 00 00 00 00 00 00
19:54:32.242,0x7DF,STD,8,TX,00 00 00 00 00 00 00 00
19:54:32.255,0x7DF,STD,8,TX,00 00 00 00 00 00 00 00
19:54:32.266,0x7DF,STD,8,TX,00 00 00 00 00 00 00 00
19:54:32.277,0x7DF,STD,8,TX,00 00 00 00 00 00 00 00
19:54:32.287,0x7DF,STD,8,TX,00 00 00 00 00 00 00 00
19:54:32.298,0x7DF,STD,8,TX,00 00 00 00 00 00 00 00
19:54:32.309,0x7DF,STD,8,TX,00 00 00 00 00 00 00 00
19:54:32.320,0x7DF,STD,8,TX,00 00 00 00 00 00 00 00
19:54:32.330,0x7DF,STD,8,TX,00 00 00 00 00 00 00 00
19:54:32.341,0x7DF,STD,8,TX,00 00 00 00 00 00 00 00
19:54:32.351,0x7DF,STD,8,TX,00 00 00 00 00 00 00 00
19:54:32.364,0x7DF,STD,8,TX,00 00 00 00 00 00 00 00
19:54:32.376,0x7DF,STD,8,TX,00 00 00 00 00 00 00 00
19:54:32.388,0x7DF,STD,8,TX,00 00 00 00 00 00 00 00
19:54:32.406,0x7DF,STD,8,TX,00 00 00 00 00 00 00 00
19:54:32.407,0x7DF,STD,8,RX,00 00 00 00 00 00 00 00
19:54:32.408,0x7DF,STD,8,RX,00 00 00 00 00 00 00 00
19:54:32.408,0x7DF,STD,8,RX,00 00 00 00 00 00 00 00
19:54:32.408,0x7DF,STD,8,RX,00 00 00 00 00 00 00 00
19:54:32.409,0x7DF,STD,8,RX,00 00 00 00 00 00 00 00
19:54:32.409,0x7DF,STD,8,RX,00 00 00 00 00 00 00 00
19:54:32.409,0x7DF,STD,8,RX,00 00 00 00 00 00 00 00
19:54:32.409,0x7DF,STD,8,RX,00 00 00 00 00 00 00 00
19:54:32.409,0x7DF,STD,8,RX,00 00 00 00 00 00 00 00
19:54:32.410,0x7DF,STD,8,RX,00 00 00 00 00 00 00 00
19:54:32.410,0x7DF,STD,8,RX,00 00 00 00 00 00 00 00
19:54:32.410,0x7DF,STD,8,RX,00 00 00 00 00 00 00 00
19:54:32.410,0x7DF,STD,8,RX,00 00 00 00 00 00 00 00
19:54:32.411,0x7DF,STD,8,RX,00 00 00 00 00 00 00 00
19:54:32.411,0x7DF,STD,8,RX,00 00 00 00 00 00 00 00
19:54:32.411,0x7DF,STD,8,RX,00 00 00 00 00 00 00 00
19:54:32.411,0x7DF,STD,8,RX,00 00 00 00 00 00 00 00
19:54:32.423,0x7DF,STD,8,TX,00 00 00 00 00 00 00 00
19:54:32.434,0x7DF,STD,8,TX,00 00 00 00 00 00 00 00
19:54:32.445,0x7DF,STD,8,TX,00 00 00 00 00 00 00 00
19:54:32.456,0x7DF,STD,8,TX,00 00 00 00 00 00 00 00
19:54:32.468,0x7DF,STD,8,TX,00 00 00 00 00 00 00 00
19:54:32.478,0x7DF,STD,8,TX,00 00 00 00 00 00 00 00
19:54:32.489,0x7DF,STD,8,TX,00 00 00 00 00 00 00 00
19:54:32.501,0x7DF,STD,8,TX,00 00 00 00 00 00 00 00
19:54:32.512,0x7DF,STD,8,TX,00 00 00 00 00 00 00 00
19:54:32.523,0x7DF,STD,8,TX,00 00 00 00 00 00 00 00
19:54:32.533,0x7DF,STD,8,TX,00 00 00 00 00 00 00 00
19:54:32.544,0x7DF,STD,8,TX,00 00 00 00 00 00 00 00
19:54:32.554,0x7DF,STD,8,TX,00 00 00 00 00 00 00 00
19:54:32.565,0x7DF,STD,8,TX,00 00 00 00 00 00 00 00
19:54:32.576,0x7DF,STD,8,TX,00 00 00 00 00 00 00 00
19:54:32.587,0x7DF,STD,8,TX,00 00 00 00 00 00 00 00
19:54:32.598,0x7DF,STD,8,TX,00 00 00 00 00 00 00 00
19:54:32.608,0x7DF,STD,8,TX,00 00 00 00 00 00 00 00
19:54:32.619,0x7DF,STD,8,RX,00 00 00 00 00 00 00 00
19:54:32.619,0x7DF,STD,8,RX,00 00 00 00 00 00 00 00
19:54:32.620,0x7DF,STD,8,RX,00 00 00 00 00 00 00 00
19:54:32.620,0x7DF,STD,8,RX,00 00 00 00 00 00 00 00
19:54:32.620,0x7DF,STD,8,RX,00 00 00 00 00 00 00 00
19:54:32.620,0x7DF,STD,8,RX,00 00 00 00 00 00 00 00
19:54:32.621,0x7DF,STD,8,RX,00 00 00 00 00 00 00 00
19:54:32.621,0x7DF,STD,8,RX,00 00 00 00 00 00 00 00
19:54:32.621,0x7DF,STD,8,RX,00 00 00 00 00 00 00 00
19:54:32.621,0x7DF,STD,8,RX,00 00 00 00 00 00 00 00
19:54:32.621,0x7DF,STD,8,RX,00 00 00 00 00 00 00 00
19:54:32.622,0x7DF,STD,8,RX,00 00 00 00 00 00 00 00
19:54:32.622,0x7DF,STD,8,RX,00 00 00 00 00 00 00 00
19:54:32.622,0x7DF,STD,8,RX,00 00 00 00 00 00 00 00
19:54:32.622,0x7DF,STD,8,RX,00 00 00 00 00 00 00 00
19:54:32.622,0x7DF,STD,8,RX,00 00 00 00 00 00 00 00
19:54:32.623,0x7DF,STD,8,RX,00 00 00 00 00 00 00 00
19:54:32.623,0x7DF,STD,8,RX,00 00 00 00 00 00 00 00
19:54:32.623,0x7DF,STD,8,RX,00 00 00 00 00 00 00 00
19:54:32.623,0x7DF,STD,8,TX,00 00 00 00 00 00 00 00
19:54:32.634,0x7DF,STD,8,TX,00 00 00 00 00 00 00 00
19:54:32.645,0x7DF,STD,8,TX,00 00 00 00 00 00 00 00
19:54:32.656,0x7DF,STD,8,TX,00 00 00 00 00 00 00 00
19:54:32.667,0x7DF,STD,8,TX,00 00 00 00 00 00 00 00
19:54:32.677,0x7DF,STD,8,TX,00 00 00 00 00 00 00 00
19:54:32.688,0x7DF,STD,8,TX,00 00 00 00 00 00 00 00
19:54:32.699,0x7DF,STD,8,TX,00 00 00 00 00 00 00 00
19:54:32.710,0x7DF,STD,8,TX,00 00 00 00 00 00 00 00
19:54:32.721,0x7DF,STD,8,TX,00 00 00 00 00 00 00 00
19:54:32.731,0x7DF,STD,8,TX,00 00 00 00 00 00 00 00
19:54:32.742,0x7DF,STD,8,TX,00 00 00 00 00 00 00 00
19:54:32.753,0x7DF,STD,8,TX,00 00 00 00 00 00 00 00
19:54:32.764,0x7DF,STD,8,TX,00 00 00 00 00 00 00 00
19:54:32.776,0x7DF,STD,8,TX,00 00 00 00 00 00 00 00
19:54:32.786,0x7DF,STD,8,TX,00 00 00 00 00 00 00 00
19:54:32.797,0x7DF,STD,8,TX,00 00 00 00 00 00 00 00
19:54:32.808,0x7DF,STD,8,TX,00 00 00 00 00 00 00 00
19:54:32.818,0x7DF,STD,8,TX,00 00 00 00 00 00 00 00
19:54:32.828,0x7DF,STD,8,RX,00 00 00 00 00 00 00 00
19:54:32.828,0x7DF,STD,8,RX,00 00 00 00 00 00 00 00
19:54:32.829,0x7DF,STD,8,RX,00 00 00 00 00 00 00 00
19:54:32.829,0x7DF,STD,8,RX,00 00 00 00 00 00 00 00
19:54:32.829,0x7DF,STD,8,RX,00 00 00 00 00 00 00 00
19:54:32.830,0x7DF,STD,8,RX,00 00 00 00 00 00 00 00
19:54:32.830,0x7DF,STD,8,RX,00 00 00 00 00 00 00 00
19:54:32.830,0x7DF,STD,8,RX,00 00 00 00 00 00 00 00
19:54:32.830,0x7DF,STD,8,RX,00 00 00 00 00 00 00 00
19:54:32.831,0x7DF,STD,8,RX,00 00 00 00 00 00 00 00
19:54:32.831,0x7DF,STD,8,RX,00 00 00 00 00 00 00 00
19:54:32.831,0x7DF,STD,8,RX,00 00 00 00 00 00 00 00
19:54:32.831,0x7DF,STD,8,RX,00 00 00 00 00 00 00 00
19:54:32.831,0x7DF,STD,8,RX,00 00 00 00 00 00 00 00
19:54:32.832,0x7DF,STD,8,RX,00 00 00 00 00 00 00 00
19:54:32.832,0x7DF,STD,8,RX,00 00 00 00 00 00 00 00
19:54:32.832,0x7DF,STD,8,RX,00 00 00 00 00 00 00 00
19:54:32.832,0x7DF,STD,8,RX,00 00 00 00 00 00 00 00
19:54:32.833,0x7DF,STD,8,RX,00 00 00 00 00 00 00 00
19:54:32.833,0x7DF,STD,8,TX,00 00 00 00 00 00 00 00
19:54:32.843,0x7DF,STD,8,TX,00 00 00 00 00 00 00 00
19:54:32.854,0x7DF,STD,8,TX,00 00 00 00 00 00 00 00
19:54:32.865,0x7DF,STD,8,TX,00 00 00 00 00 00 00 00
19:54:32.875,0x7DF,STD,8,TX,00 00 00 00 00 00 00 00
19:54:32.886,0x7DF,STD,8,TX,00 00 00 00 00 00 00 00
19:54:32.897,0x7DF,STD,8,TX,00 00 00 00 00 00 00 00
19:54:32.908,0x7DF,STD,8,TX,00 00 00 00 00 00 00 00
19:54:32.918,0x7DF,STD,8,TX,00 00 00 00 00 00 00 00
19:54:32.929,0x7DF,STD,8,TX,00 00 00 00 00 00 00 00
19:54:32.939,0x7DF,STD,8,TX,00 00 00 00 00 00 00 00
19:54:32.950,0x7DF,STD,8,TX,00 00 00 00 00 00 00 00
19:54:32.961,0x7DF,STD,8,TX,00 00 00 00 00 00 00 00
19:54:32.972,0x7DF,STD,8,TX,00 00 00 00 00 00 00 00
19:54:32.983,0x7DF,STD,8,TX,00 00 00 00 00 00 00 00
19:54:32.994,0x7DF,STD,8,TX,00 00 00 00 00 00 00 00
19:54:33.005,0x7DF,STD,8,TX,00 00 00 00 00 00 00 00
19:54:33.016,0x7DF,STD,8,TX,00 00 00 00 00 00 00 00
19:54:33.027,0x7DF,STD,8,TX,00 00 00 00 00 00 00 00
19:54:33.037,0x7DF,STD,8,RX,00 00 00 00 00 00 00 00
19:54:33.038,0x7DF,STD,8,RX,00 00 00 00 00 00 00 00
19:54:33.038,0x7DF,STD,8,RX,00 00 00 00 00 00 00 00
19:54:33.038,0x7DF,STD,8,RX,00 00 00 00 00 00 00 00
19:54:33.039,0x7DF,STD,8,RX,00 00 00 00 00 00 00 00
19:54:33.039,0x7DF,STD,8,RX,00 00 00 00 00 00 00 00
19:54:33.039,0x7DF,STD,8,RX,00 00 00 00 00 00 00 00
19:54:33.039,0x7DF,STD,8,RX,00 00 00 00 00 00 00 00
19:54:33.040,0x7DF,STD,8,RX,00 00 00 00 00 00 00 00
19:54:33.040,0x7DF,STD,8,RX,00 00 00 00 00 00 00 00
19:54:33.040,0x7DF,STD,8,RX,00 00 00 00 00 00 00 00
19:54:33.040,0x7DF,STD,8,RX,00 00 00 00 00 00 00 00
19:54:33.040,0x7DF,STD,8,RX,00 00 00 00 00 00 00 00
19:54:33.041,0x7DF,STD,8,RX,00 00 00 00 00 00 00 00
19:54:33.041,0x7DF,STD,8,RX,00 00 00 00 00 00 00 00
19:54:33.041,0x7DF,STD,8,RX,00 00 00 00 00 00 00 00
19:54:33.041,0x7DF,STD,8,RX,00 00 00 00 00 00 00 00
19:54:33.041,0x7DF,STD,8,RX,00 00 00 00 00 00 00 00
19:54:33.042,0x7DF,STD,8,RX,00 00 00 00 00 00 00 00
19:54:33.042,0x7DF,STD,8,TX,00 00 00 00 00 00 00 00
19:54:33.077,0x7DF,STD,8,TX,00 00 00 00 00 00 00 00
19:54:33.100,0x7DF,STD,8,TX,00 00 00 00 00 00 00 00
19:54:33.111,0x7DF,STD,8,TX,00 00 00 00 00 00 00 00
19:54:33.121,0x7DF,STD,8,TX,00 00 00 00 00 00 00 00
19:54:33.132,0x7DF,STD,8,TX,00 00 00 00 00 00 00 00
19:54:33.143,0x7DF,STD,8,TX,00 00 00 00 00 00 00 00
19:54:33.154,0x7DF,STD,8,TX,00 00 00 00 00 00 00 00
19:54:33.164,0x7DF,STD,8,TX,00 00 00 00 00 00 00 00
19:54:33.175,0x7DF,STD,8,TX,00 00 00 00 00 00 00 00
19:54:33.186,0x7DF,STD,8,TX,00 00 00 00 00 00 00 00
19:54:33.197,0x7DF,STD,8,TX,00 00 00 00 00 00 00 00
19:54:33.207,0x7DF,STD,8,TX,00 00 00 00 00 00 00 00
19:54:33.218,0x7DF,STD,8,TX,00 00 00 00 00 00 00 00
19:54:33.229,0x7DF,STD,8,TX,00 00 00 00 00 00 00 00
19:54:33.239,0x7DF,STD,8,TX,00 00 00 00 00 00 00 00
19:54:33.250,0x7DF,STD,8,RX,00 00 00 00 00 00 00 00
19:54:33.250,0x7DF,STD,8,RX,00 00 00 00 00 00 00 00
19:54:33.251,0x7DF,STD,8,RX,00 00 00 00 00 00 00 00
19:54:33.251,0x7DF,STD,8,RX,00 00 00 00 00 00 00 00
19:54:33.251,0x7DF,STD,8,RX,00 00 00 00 00 00 00 00
19:54:33.251,0x7DF,STD,8,RX,00 00 00 00 00 00 00 00
19:54:33.251,0x7DF,STD,8,RX,00 00 00 00 00 00 00 00
19:54:33.252,0x7DF,STD,8,RX,00 00 00 00 00 00 00 00
19:54:33.252,0x7DF,STD,8,RX,00 00 00 00 00 00 00 00
19:54:33.252,0x7DF,STD,8,RX,00 00 00 00 00 00 00 00
19:54:33.253,0x7DF,STD,8,RX,00 00 00 00 00 00 00 00
19:54:33.253,0x7DF,STD,8,RX,00 00 00 00 00 00 00 00
19:54:33.253,0x7DF,STD,8,RX,00 00 00 00 00 00 00 00
19:54:33.253,0x7DF,STD,8,RX,00 00 00 00 00 00 00 00
19:54:33.254,0x7DF,STD,8,RX,00 00 00 00 00 00 00 00
19:54:33.254,0x7DF,STD,8,RX,00 00 00 00 00 00 00 00
19:54:33.255,0x7DF,STD,8,TX,00 00 00 00 00 00 00 00
19:54:33.265,0x7DF,STD,8,TX,00 00 00 00 00 00 00 00
19:54:33.276,0x7DF,STD,8,TX,00 00 00 00 00 00 00 00
19:54:33.287,0x7DF,STD,8,TX,00 00 00 00 00 00 00 00
19:54:33.297,0x7DF,STD,8,TX,00 00 00 00 00 00 00 00
19:54:33.308,0x7DF,STD,8,TX,00 00 00 00 00 00 00 00
19:54:33.318,0x7DF,STD,8,TX,00 00 00 00 00 00 00 00
19:54:33.329,0x7DF,STD,8,TX,00 00 00 00 00 00 00 00
19:54:33.340,0x7DF,STD,8,TX,00 00 00 00 00 00 00 00
19:54:33.350,0x7DF,STD,8,TX,00 00 00 00 00 00 00 00
19:54:33.361,0x7DF,STD,8,TX,00 00 00 00 00 00 00 00
19:54:33.372,0x7DF,STD,8,TX,00 00 00 00 00 00 00 00
19:54:33.383,0x7DF,STD,8,TX,00 00 00 00 00 00 00 00
19:54:33.393,0x7DF,STD,8,TX,00 00 00 00 00 00 00 00
19:54:33.404,0x7DF,STD,8,TX,00 00 00 00 00 00 00 00
19:54:33.415,0x7DF,STD,8,TX,00 00 00 00 00 00 00 00
19:54:33.426,0x7DF,STD,8,TX,00 00 00 00 00 00 00 00
19:54:33.436,0x7DF,STD,8,TX,00 00 00 00 00 00 00 00
19:54:33.447,0x7DF,STD,8,TX,00 00 00 00 00 00 00 00
19:54:33.458,0x7DF,STD,8,RX,00 00 00 00 00 00 00 00
19:54:33.458,0x7DF,STD,8,RX,00 00 00 00 00 00 00 00
19:54:33.458,0x7DF,STD,8,RX,00 00 00 00 00 00 00 00
19:54:33.458,0x7DF,STD,8,RX,00 00 00 00 00 00 00 00
19:54:33.459,0x7DF,STD,8,RX,00 00 00 00 00 00 00 00
19:54:33.459,0x7DF,STD,8,RX,00 00 00 00 00 00 00 00
19:54:33.459,0x7DF,STD,8,RX,00 00 00 00 00 00 00 00
19:54:33.459,0x7DF,STD,8,RX,00 00 00 00 00 00 00 00
19:54:33.460,0x7DF,STD,8,RX,00 00 00 00 00 00 00 00
19:54:33.460,0x7DF,STD,8,RX,00 00 00 00 00 00 00 00
19:54:33.460,0x7DF,STD,8,RX,00 00 00 00 00 00 00 00
19:54:33.460,0x7DF,STD,8,RX,00 00 00 00 00 00 00 00
19:54:33.461,0x7DF,STD,8,RX,00 00 00 00 00 00 00 00
19:54:33.461,0x7DF,STD,8,RX,00 00 00 00 00 00 00 00
19:54:33.461,0x7DF,STD,8,RX,00 00 00 00 00 00 00 00
19:54:33.461,0x7DF,STD,8,RX,00 00 00 00 00 00 00 00
19:54:33.461,0x7DF,STD,8,RX,00 00 00 00 00 00 00 00
19:54:33.462,0x7DF,STD,8,RX,00 00 00 00 00 00 00 00
19:54:33.462,0x7DF,STD,8,RX,00 00 00 00 00 00 00 00
19:54:33.462,0x7DF,STD,8,TX,00 00 00 00 00 00 00 00
19:54:33.473,0x7DF,STD,8,TX,00 00 00 00 00 00 00 00
19:54:33.484,0x7DF,STD,8,TX,00 00 00 00 00 00 00 00
19:54:33.495,0x7DF,STD,8,TX,00 00 00 00 00 00 00 00
19:54:33.506,0x7DF,STD,8,TX,00 00 00 00 00 00 00 00
19:54:33.517,0x7DF,STD,8,TX,00 00 00 00 00 00 00 00
19:54:33.528,0x7DF,STD,8,TX,00 00 00 00 00 00 00 00
19:54:33.538,0x7DF,STD,8,TX,00 00 00 00 00 00 00 00
19:54:33.549,0x7DF,STD,8,TX,00 00 00 00 00 00 00 00
19:54:33.560,0x7DF,STD,8,TX,00 00 00 00 00 00 00 00
19:54:33.571,0x7DF,STD,8,TX,00 00 00 00 00 00 00 00
19:54:33.581,0x7DF,STD,8,TX,00 00 00 00 00 00 00 00
19:54:33.592,0x7DF,STD,8,TX,00 00 00 00 00 00 00 00
19:54:33.603,0x7DF,STD,8,TX,00 00 00 00 00 00 00 00
19:54:33.614,0x7DF,STD,8,TX,00 00 00 00 00 00 00 00
19:54:33.625,0x7DF,STD,8,TX,00 00 00 00 00 00 00 00
19:54:33.636,0x7DF,STD,8,TX,00 00 00 00 00 00 00 00
19:54:33.646,0x7DF,STD,8,TX,00 00 00 00 00 00 00 00
19:54:33.657,0x7DF,STD,8,TX,00 00 00 00 00 00 00 00
19:54:33.667,0x7DF,STD,8,RX,00 00 00 00 00 00 00 00
19:54:33.667,0x7DF,STD,8,RX,00 00 00 00 00 00 00 00
19:54:33.668,0x7DF,STD,8,RX,00 00 00 00 00 00 00 00
19:54:33.668,0x7DF,STD,8,RX,00 00 00 00 00 00 00 00
19:54:33.668,0x7DF,STD,8,RX,00 00 00 00 00 00 00 00
19:54:33.668,0x7DF,STD,8,RX,00 00 00 00 00 00 00 00
19:54:33.669,0x7DF,STD,8,RX,00 00 00 00 00 00 00 00
19:54:33.669,0x7DF,STD,8,RX,00 00 00 00 00 00 00 00
19:54:33.669,0x7DF,STD,8,RX,00 00 00 00 00 00 00 00
19:54:33.669,0x7DF,STD,8,RX,00 00 00 00 00 00 00 00
19:54:33.670,0x7DF,STD,8,RX,00 00 00 00 00 00 00 00
19:54:33.670,0x7DF,STD,8,RX,00 00 00 00 00 00 00 00
19:54:33.670,0x7DF,STD,8,RX,00 00 00 00 00 00 00 00
19:54:33.670,0x7DF,STD,8,RX,00 00 00 00 00 00 00 00
19:54:33.670,0x7DF,STD,8,RX,00 00 00 00 00 00 00 00
19:54:33.671,0x7DF,STD,8,RX,00 00 00 00 00 00 00 00
19:54:33.671,0x7DF,STD,8,RX,00 00 00 00 00 00 00 00
19:54:33.671,0x7DF,STD,8,RX,00 00 00 00 00 00 00 00
19:54:33.671,0x7DF,STD,8,RX,00 00 00 00 00 00 00 00
19:54:33.672,0x7DF,STD,8,TX,00 00 00 00 00 00 00 00
19:54:33.682,0x7DF,STD,8,TX,00 00 00 00 00 00 00 00
19:54:33.693,0x7DF,STD,8,TX,00 00 00 00 00 00 00 00
19:54:33.703,0x7DF,STD,8,TX,00 00 00 00 00 00 00 00
19:54:33.714,0x7DF,STD,8,TX,00 00 00 00 00 00 00 00
19:54:33.725,0x7DF,STD,8,TX,00 00 00 00 00 00 00 00
19:54:33.735,0x7DF,STD,8,TX,00 00 00 00 00 00 00 00
19:54:33.746,0x7DF,STD,8,TX,00 00 00 00 00 00 00 00
19:54:33.757,0x7DF,STD,8,TX,00 00 00 00 00 00 00 00
19:54:33.768,0x7DF,STD,8,TX,00 00 00 00 00 00 00 00
19:54:33.778,0x7DF,STD,8,TX,00 00 00 00 00 00 00 00
19:54:33.789,0x7DF,STD,8,TX,00 00 00 00 00 00 00 00
19:54:33.799,0x7DF,STD,8,TX,00 00 00 00 00 00 00 00
19:54:33.810,0x7DF,STD,8,TX,00 00 00 00 00 00 00 00
19:54:33.821,0x7DF,STD,8,TX,00 00 00 00 00 00 00 00
19:54:33.832,0x7DF,STD,8,TX,00 00 00 00 00 00 00 00
19:54:33.842,0x7DF,STD,8,TX,00 00 00 00 00 00 00 00
19:54:33.854,0x7DF,STD,8,TX,00 00 00 00 00 00 00 00
19:54:33.864,0x7DF,STD,8,TX,00 00 00 00 00 00 00 00
19:54:33.875,0x7DF,STD,8,RX,00 00 00 00 00 00 00 00
19:54:33.875,0x7DF,STD,8,RX,00 00 00 00 00 00 00 00
19:54:33.875,0x7DF,STD,8,RX,00 00 00 00 00 00 00 00
19:54:33.875,0x7DF,STD,8,RX,00 00 00 00 00 00 00 00
19:54:33.876,0x7DF,STD,8,RX,00 00 00 00 00 00 00 00
19:54:33.876,0x7DF,STD,8,RX,00 00 00 00 00 00 00 00
19:54:33.876,0x7DF,STD,8,RX,00 00 00 00 00 00 00 00
19:54:33.877,0x7DF,STD,8,RX,00 00 00 00 00 00 00 00
19:54:33.877,0x7DF,STD,8,RX,00 00 00 00 00 00 00 00
19:54:33.877,0x7DF,STD,8,RX,00 00 00 00 00 00 00 00
19:54:33.878,0x7DF,STD,8,RX,00 00 00 00 00 00 00 00
19:54:33.878,0x7DF,STD,8,RX,00 00 00 00 00 00 00 00
19:54:33.878,0x7DF,STD,8,RX,00 00 00 00 00 00 00 00
19:54:33.879,0x7DF,STD,8,RX,00 00 00 00 00 00 00 00
19:54:33.879,0x7DF,STD,8,RX,00 00 00 00 00 00 00 00
19:54:33.879,0x7DF,STD,8,RX,00 00 00 00 00 00 00 00
19:54:33.879,0x7DF,STD,8,RX,00 00 00 00 00 00 00 00
19:54:33.880,0x7DF,STD,8,RX,00 00 00 00 00 00 00 00
19:54:33.880,0x7DF,STD,8,RX,00 00 00 00 00 00 00 00
19:54:33.900,0x7DF,STD,8,TX,00 00 00 00 00 00 00 00
19:54:33.922,0x7DF,STD,8,TX,00 00 00 00 00 00 00 00
19:54:33.933,0x7DF,STD,8,TX,00 00 00 00 00 00 00 00
19:54:33.944,0x7DF,STD,8,TX,00 00 00 00 00 00 00 00
19:54:33.955,0x7DF,STD,8,TX,00 00 00 00 00 00 00 00
19:54:33.966,0x7DF,STD,8,TX,00 00 00 00 00 00 00 00
19:54:33.977,0x7DF,STD,8,TX,00 00 00 00 00 00 00 00
19:54:33.988,0x7DF,STD,8,TX,00 00 00 00 00 00 00 00
19:54:33.999,0x7DF,STD,8,TX,00 00 00 00 00 00 00 00
19:54:34.010,0x7DF,STD,8,TX,00 00 00 00 00 00 00 00
19:54:34.021,0x7DF,STD,8,TX,00 00 00 00 00 00 00 00
19:54:34.032,0x7DF,STD,8,TX,00 00 00 00 00 00 00 00
19:54:34.044,0x7DF,STD,8,TX,00 00 00 00 00 00 00 00
19:54:34.056,0x7DF,STD,8,TX,00 00 00 00 00 00 00 00
19:54:34.068,0x7DF,STD,8,TX,00 00 00 00 00 00 00 00
19:54:34.079,0x7DF,STD,8,TX,00 00 00 00 00 00 00 00
19:54:34.090,0x7DF,STD,8,RX,00 00 00 00 00 00 00 00
19:54:34.090,0x7DF,STD,8,RX,00 00 00 00 00 00 00 00
19:54:34.090,0x7DF,STD,8,RX,00 00 00 00 00 00 00 00
19:54:34.090,0x7DF,STD,8,RX,00 00 00 00 00 00 00 00
19:54:34.091,0x7DF,STD,8,RX,00 00 00 00 00 00 00 00
19:54:34.091,0x7DF,STD,8,RX,00 00 00 00 00 00 00 00
19:54:34.091,0x7DF,STD,8,RX,00 00 00 00 00 00 00 00
19:54:34.091,0x7DF,STD,8,RX,00 00 00 00 00 00 00 00
19:54:34.092,0x7DF,STD,8,RX,00 00 00 00 00 00 00 00
19:54:34.092,0x7DF,STD,8,RX,00 00 00 00 00 00 00 00
19:54:34.092,0x7DF,STD,8,RX,00 00 00 00 00 00 00 00
19:54:34.092,0x7DF,STD,8,RX,00 00 00 00 00 00 00 00
19:54:34.093,0x7DF,STD,8,RX,00 00 00 00 00 00 00 00
19:54:34.093,0x7DF,STD,8,RX,00 00 00 00 00 00 00 00
19:54:34.093,0x7DF,STD,8,RX,00 00 00 00 00 00 00 00
19:54:34.093,0x7DF,STD,8,RX,00 00 00 00 00 00 00 00
19:54:34.094,0x7DF,STD,8,TX,00 00 00 00 00 00 00 00
19:54:34.105,0x7DF,STD,8,TX,00 00 00 00 00 00 00 00
19:54:34.116,0x7DF,STD,8,TX,00 00 00 00 00 00 00 00
19:54:34.127,0x7DF,STD,8,TX,00 00 00 00 00 00 00 00
19:54:34.137,0x7DF,STD,8,TX,00 00 00 00 00 00 00 00
19:54:34.148,0x7DF,STD,8,TX,00 00 00 00 00 00 00 00
19:54:34.159,0x7DF,STD,8,TX,00 00 00 00 00 00 00 00
19:54:34.170,0x7DF,STD,8,TX,00 00 00 00 00 00 00 00
19:54:34.182,0x7DF,STD,8,TX,00 00 00 00 00 00 00 00
19:54:34.193,0x7DF,STD,8,TX,00 00 00 00 00 00 00 00
19:54:34.205,0x7DF,STD,8,TX,00 00 00 00 00 00 00 00
19:54:34.215,0x7DF,STD,8,TX,00 00 00 00 00 00 00 00
19:54:34.226,0x7DF,STD,8,TX,00 00 00 00 00 00 00 00
19:54:34.236,0x7DF,STD,8,TX,00 00 00 00 00 00 00 00
19:54:34.247,0x7DF,STD,8,TX,00 00 00 00 00 00 00 00
19:54:34.258,0x7DF,STD,8,TX,00 00 00 00 00 00 00 00
19:54:34.269,0x7DF,STD,8,TX,00 00 00 00 00 00 00 00
19:54:34.380,0x7DF,STD,8,TX,00 00 00 00 00 00 00 00
19:54:34.381,0x7DF,STD,8,RX,00 00 00 00 00 00 00 00
19:54:34.381,0x7DF,STD,8,RX,00 00 00 00 00 00 00 00
19:54:34.383,0x7DF,STD,8,RX,00 00 00 00 00 00 00 00
19:54:34.383,0x7DF,STD,8,RX,00 00 00 00 00 00 00 00
19:54:34.384,0x7DF,STD,8,RX,00 00 00 00 00 00 00 00
19:54:34.384,0x7DF,STD,8,RX,00 00 00 00 00 00 00 00
19:54:34.384,0x7DF,STD,8,RX,00 00 00 00 00 00 00 00
19:54:34.384,0x7DF,STD,8,RX,00 00 00 00 00 00 00 00
19:54:34.385,0x7DF,STD,8,RX,00 00 00 00 00 00 00 00
19:54:34.385,0x7DF,STD,8,RX,00 00 00 00 00 00 00 00
19:54:34.385,0x7DF,STD,8,RX,00 00 00 00 00 00 00 00
19:54:34.386,0x7DF,STD,8,RX,00 00 00 00 00 00 00 00
19:54:34.386,0x7DF,STD,8,RX,00 00 00 00 00 00 00 00
19:54:34.386,0x7DF,STD,8,RX,00 00 00 00 00 00 00 00
19:54:34.387,0x7DF,STD,8,RX,00 00 00 00 00 00 00 00
19:54:34.387,0x7DF,STD,8,RX,00 00 00 00 00 00 00 00
19:54:34.401,0x7DF,STD,8,TX,00 00 00 00 00 00 00 00
19:54:34.416,0x7DF,STD,8,TX,00 00 00 00 00 00 00 00
19:54:34.428,0x7DF,STD,8,TX,00 00 00 00 00 00 00 00
19:54:34.439,0x7DF,STD,8,TX,00 00 00 00 00 00 00 00
19:54:34.450,0x7DF,STD,8,TX,00 00 00 00 00 00 00 00
19:54:34.461,0x7DF,STD,8,TX,00 00 00 00 00 00 00 00
19:54:34.471,0x7DF,STD,8,TX,00 00 00 00 00 00 00 00
19:54:34.482,0x7DF,STD,8,TX,00 00 00 00 00 00 00 00
19:54:34.493,0x7DF,STD,8,TX,00 00 00 00 00 00 00 00
19:54:34.504,0x7DF,STD,8,TX,00 00 00 00 00 00 00 00
19:54:34.515,0x7DF,STD,8,TX,00 00 00 00 00 00 00 00
19:54:34.527,0x7DF,STD,8,TX,00 00 00 00 00 00 00 00
19:54:34.539,0x7DF,STD,8,TX,00 00 00 00 00 00 00 00
19:54:34.552,0x7DF,STD,8,TX,00 00 00 00 00 00 00 00
19:54:34.566,0x7DF,STD,8,TX,00 00 00 00 00 00 00 00
19:54:34.579,0x7DF,STD,8,TX,00 00 00 00 00 00 00 00
19:54:34.593,0x7DF,STD,8,RX,00 00 00 00 00 00 00 00
19:54:34.594,0x7DF,STD,8,RX,00 00 00 00 00 00 00 00
19:54:34.594,0x7DF,STD,8,RX,00 00 00 00 00 00 00 00
19:54:34.594,0x7DF,STD,8,RX,00 00 00 00 00 00 00 00
19:54:34.594,0x7DF,STD,8,RX,00 00 00 00 00 00 00 00
19:54:34.595,0x7DF,STD,8,RX,00 00 00 00 00 00 00 00
19:54:34.595,0x7DF,STD,8,RX,00 00 00 00 00 00 00 00
19:54:34.595,0x7DF,STD,8,RX,00 00 00 00 00 00 00 00
19:54:34.596,0x7DF,STD,8,RX,00 00 00 00 00 00 00 00
19:54:34.596,0x7DF,STD,8,RX,00 00 00 00 00 00 00 00
19:54:34.596,0x7DF,STD,8,RX,00 00 00 00 00 00 00 00
19:54:34.597,0x7DF,STD,8,RX,00 00 00 00 00 00 00 00
19:54:34.597,0x7DF,STD,8,RX,00 00 00 00 00 00 00 00
19:54:34.598,0x7DF,STD,8,RX,00 00 00 00 00 00 00 00
19:54:34.598,0x7DF,STD,8,RX,00 00 00 00 00 00 00 00
19:54:34.598,0x7DF,STD,8,RX,00 00 00 00 00 00 00 00
19:54:34.598,0x7DF,STD,8,RX,00 00 00 00 00 00 00 00
19:54:34.599,0x7DF,STD,8,TX,00 00 00 00 00 00 00 00
19:54:34.612,0x7DF,STD,8,TX,00 00 00 00 00 00 00 00
19:54:34.626,0x7DF,STD,8,TX,00 00 00 00 00 00 00 00
19:54:34.640,0x7DF,STD,8,TX,00 00 00 00 00 00 00 00
19:54:34.654,0x7DF,STD,8,TX,00 00 00 00 00 00 00 00
19:54:34.668,0x7DF,STD,8,TX,00 00 00 00 00 00 00 00
19:54:34.681,0x7DF,STD,8,TX,00 00 00 00 00 00 00 00
19:54:34.694,0x7DF,STD,8,TX,00 00 00 00 00 00 00 00
19:54:34.708,0x7DF,STD,8,TX,00 00 00 00 00 00 00 00
19:54:34.721,0x7DF,STD,8,TX,00 00 00 00 00 00 00 00
19:54:34.734,0x7DF,STD,8,TX,00 00 00 00 00 00 00 00
19:54:34.746,0x7DF,STD,8,TX,00 00 00 00 00 00 00 00
19:54:34.759,0x7DF,STD,8,TX,00 00 00 00 00 00 00 00
19:54:34.771,0x7DF,STD,8,TX,00 00 00 00 00 00 00 00
19:54:34.783,0x7DF,STD,8,TX,00 00 00 00 00 00 00 00
19:54:34.795,0x7DF,STD,8,TX,00 00 00 00 00 00 00 00
19:54:34.808,0x7DF,STD,8,RX,00 00 00 00 00 00 00 00
19:54:34.809,0x7DF,STD,8,RX,00 00 00 00 00 00 00 00
19:54:34.809,0x7DF,STD,8,RX,00 00 00 00 00 00 00 00
19:54:34.810,0x7DF,STD,8,RX,00 00 00 00 00 00 00 00
19:54:34.810,0x7DF,STD,8,RX,00 00 00 00 00 00 00 00
19:54:34.810,0x7DF,STD,8,RX,00 00 00 00 00 00 00 00
19:54:34.810,0x7DF,STD,8,RX,00 00 00 00 00 00 00 00
19:54:34.811,0x7DF,STD,8,RX,00 00 00 00 00 00 00 00
19:54:34.811,0x7DF,STD,8,RX,00 00 00 00 00 00 00 00
19:54:34.811,0x7DF,STD,8,RX,00 00 00 00 00 00 00 00
19:54:34.812,0x7DF,STD,8,RX,00 00 00 00 00 00 00 00
19:54:34.812,0x7DF,STD,8,RX,00 00 00 00 00 00 00 00
19:54:34.812,0x7DF,STD,8,RX,00 00 00 00 00 00 00 00
19:54:34.812,0x7DF,STD,8,RX,00 00 00 00 00 00 00 00
19:54:34.813,0x7DF,STD,8,RX,00 00 00 00 00 00 00 00
19:54:34.813,0x7DF,STD,8,RX,00 00 00 00 00 00 00 00
19:54:34.814,0x7DF,STD,8,TX,00 00 00 00 00 00 00 00
19:54:34.826,0x7DF,STD,8,TX,00 00 00 00 00 00 00 00
19:54:34.838,0x7DF,STD,8,TX,00 00 00 00 00 00 00 00
19:54:34.849,0x7DF,STD,8,TX,00 00 00 00 00 00 00 00
19:54:34.860,0x7DF,STD,8,TX,00 00 00 00 00 00 00 00
19:54:34.871,0x7DF,STD,8,TX,00 00 00 00 00 00 00 00
19:54:34.882,0x7DF,STD,8,TX,00 00 00 00 00 00 00 00
19:54:34.893,0x7DF,STD,8,TX,00 00 00 00 00 00 00 00
19:54:34.904,0x7DF,STD,8,TX,00 00 00 00 00 00 00 00
19:54:34.914,0x7DF,STD,8,TX,00 00 00 00 00 00 00 00
19:54:34.925,0x7DF,STD,8,TX,00 00 00 00 00 00 00 00
19:54:34.936,0x7DF,STD,8,TX,00 00 00 00 00 00 00 00
19:54:34.947,0x7DF,STD,8,TX,00 00 00 00 00 00 00 00
19:54:34.958,0x7DF,STD,8,TX,00 00 00 00 00 00 00 00
19:54:34.969,0x7DF,STD,8,TX,00 00 00 00 00 00 00 00
19:54:34.981,0x7DF,STD,8,TX,00 00 00 00 00 00 00 00
19:54:34.993,0x7DF,STD,8,TX,00 00 00 00 00 00 00 00
19:54:35.004,0x7DF,STD,8,TX,00 00 00 00 00 00 00 00
19:54:35.015,0x7DF,STD,8,RX,00 00 00 00 00 00 00 00
19:54:35.016,0x7DF,STD,8,RX,00 00 00 00 00 00 00 00
19:54:35.016,0x7DF,STD,8,RX,00 00 00 00 00 00 00 00
19:54:35.016,0x7DF,STD,8,RX,00 00 00 00 00 00 00 00
19:54:35.017,0x7DF,STD,8,RX,00 00 00 00 00 00 00 00
19:54:35.017,0x7DF,STD,8,RX,00 00 00 00 00 00 00 00
19:54:35.017,0x7DF,STD,8,RX,00 00 00 00 00 00 00 00
19:54:35.017,0x7DF,STD,8,RX,00 00 00 00 00 00 00 00
19:54:35.018,0x7DF,STD,8,RX,00 00 00 00 00 00 00 00
19:54:35.018,0x7DF,STD,8,RX,00 00 00 00 00 00 00 00
19:54:35.018,0x7DF,STD,8,RX,00 00 00 00 00 00 00 00
19:54:35.019,0x7DF,STD,8,RX,00 00 00 00 00 00 00 00
19:54:35.019,0x7DF,STD,8,RX,00 00 00 00 00 00 00 00
19:54:35.019,0x7DF,STD,8,RX,00 00 00 00 00 00 00 00
19:54:35.020,0x7DF,STD,8,RX,00 00 00 00 00 00 00 00
19:54:35.020,0x7DF,STD,8,RX,00 00 00 00 00 00 00 00
19:54:35.020,0x7DF,STD,8,RX,00 00 00 00 00 00 00 00
19:54:35.021,0x7DF,STD,8,RX,00 00 00 00 00 00 00 00
19:54:35.021,0x7DF,STD,8,TX,00 00 00 00 00 00 00 00
19:54:35.033,0x7DF,STD,8,TX,00 00 00 00 00 00 00 00
19:54:35.045,0x7DF,STD,8,TX,00 00 00 00 00 00 00 00
19:54:35.057,0x7DF,STD,8,TX,00 00 00 00 00 00 00 00
19:54:35.068,0x7DF,STD,8,TX,00 00 00 00 00 00 00 00
19:54:35.081,0x7DF,STD,8,TX,00 00 00 00 00 00 00 00
19:54:35.092,0x7DF,STD,8,TX,00 00 00 00 00 00 00 00
19:54:35.103,0x7DF,STD,8,TX,00 00 00 00 00 00 00 00
19:54:35.113,0x7DF,STD,8,TX,00 00 00 00 00 00 00 00
19:54:35.124,0x7DF,STD,8,TX,00 00 00 00 00 00 00 00
19:54:35.135,0x7DF,STD,8,TX,00 00 00 00 00 00 00 00
19:54:35.146,0x7DF,STD,8,TX,00 00 00 00 00 00 00 00
19:54:35.157,0x7DF,STD,8,TX,00 00 00 00 00 00 00 00
19:54:35.168,0x7DF,STD,8,TX,00 00 00 00 00 00 00 00
19:54:35.178,0x7DF,STD,8,TX,00 00 00 00 00 00 00 00
19:54:35.189,0x7DF,STD,8,TX,00 00 00 00 00 00 00 00
19:54:35.200,0x7DF,STD,8,TX,00 00 00 00 00 00 00 00
19:54:35.211,0x7DF,STD,8,TX,00 00 00 00 00 00 00 00
19:54:35.221,0x7DF,STD,8,RX,00 00 00 00 00 00 00 00
19:54:35.221,0x7DF,STD,8,RX,00 00 00 00 00 00 00 00
19:54:35.222,0x7DF,STD,8,RX,00 00 00 00 00 00 00 00
19:54:35.222,0x7DF,STD,8,RX,00 00 00 00 00 00 00 00
19:54:35.222,0x7DF,STD,8,RX,00 00 00 00 00 00 00 00
19:54:35.223,0x7DF,STD,8,RX,00 00 00 00 00 00 00 00
19:54:35.223,0x7DF,STD,8,RX,00 00 00 00 00 00 00 00
19:54:35.223,0x7DF,STD,8,RX,00 00 00 00 00 00 00 00
19:54:35.224,0x7DF,STD,8,RX,00 00 00 00 00 00 00 00
19:54:35.224,0x7DF,STD,8,RX,00 00 00 00 00 00 00 00
19:54:35.224,0x7DF,STD,8,RX,00 00 00 00 00 00 00 00
19:54:35.224,0x7DF,STD,8,RX,00 00 00 00 00 00 00 00
19:54:35.225,0x7DF,STD,8,RX,00 00 00 00 00 00 00 00
19:54:35.225,0x7DF,STD,8,RX,00 00 00 00 00 00 00 00
19:54:35.225,0x7DF,STD,8,RX,00 00 00 00 00 00 00 00
19:54:35.226,0x7DF,STD,8,RX,00 00 00 00 00 00 00 00
19:54:35.226,0x7DF,STD,8,RX,00 00 00 00 00 00 00 00
19:54:35.226,0x7DF,STD,8,RX,00 00 00 00 00 00 00 00
19:54:35.226,0x7DF,STD,8,TX,00 00 00 00 00 00 00 00
19:54:35.238,0x7DF,STD,8,TX,00 00 00 00 00 00 00 00
19:54:35.249,0x7DF,STD,8,TX,00 00 00 00 00 00 00 00
19:54:35.261,0x7DF,STD,8,TX,00 00 00 00 00 00 00 00
19:54:35.272,0x7DF,STD,8,TX,00 00 00 00 00 00 00 00
19:54:35.283,0x7DF,STD,8,TX,00 00 00 00 00 00 00 00
19:54:35.294,0x7DF,STD,8,TX,00 00 00 00 00 00 00 00
19:54:35.305,0x7DF,STD,8,TX,00 00 00 00 00 00 00 00
19:54:35.316,0x7DF,STD,8,TX,00 00 00 00 00 00 00 00
19:54:35.327,0x7DF,STD,8,TX,00 00 00 00 00 00 00 00
19:54:35.338,0x7DF,STD,8,TX,00 00 00 00 00 00 00 00
19:54:35.348,0x7DF,STD,8,TX,00 00 00 00 00 00 00 00
19:54:35.359,0x7DF,STD,8,TX,00 00 00 00 00 00 00 00
19:54:35.370,0x7DF,STD,8,TX,00 00 00 00 00 00 00 00
19:54:35.381,0x7DF,STD,8,TX,00 00 00 00 00 00 00 00
19:54:35.391,0x7DF,STD,8,TX,00 00 00 00 00 00 00 00
19:54:35.402,0x7DF,STD,8,TX,00 00 00 00 00 00 00 00
19:54:35.413,0x7DF,STD,8,TX,00 00 00 00 00 00 00 00
19:54:35.425,0x7DF,STD,8,TX,00 00 00 00 00 00 00 00
19:54:35.435,0x7DF,STD,8,RX,00 00 00 00 00 00 00 00
19:54:35.436,0x7DF,STD,8,RX,00 00 00 00 00 00 00 00
19:54:35.436,0x7DF,STD,8,RX,00 00 00 00 00 00 00 00
19:54:35.436,0x7DF,STD,8,RX,00 00 00 00 00 00 00 00
19:54:35.436,0x7DF,STD,8,RX,00 00 00 00 00 00 00 00
19:54:35.437,0x7DF,STD,8,RX,00 00 00 00 00 00 00 00
19:54:35.437,0x7DF,STD,8,RX,00 00 00 00 00 00 00 00
19:54:35.437,0x7DF,STD,8,RX,00 00 00 00 00 00 00 00
19:54:35.438,0x7DF,STD,8,RX,00 00 00 00 00 00 00 00
19:54:35.438,0x7DF,STD,8,RX,00 00 00 00 00 00 00 00
19:54:35.438,0x7DF,STD,8,RX,00 00 00 00 00 00 00 00
19:54:35.439,0x7DF,STD,8,RX,00 00 00 00 00 00 00 00
19:54:35.439,0x7DF,STD,8,RX,00 00 00 00 00 00 00 00
19:54:35.439,0x7DF,STD,8,RX,00 00 00 00 00 00 00 00
19:54:35.440,0x7DF,STD,8,RX,00 00 00 00 00 00 00 00
19:54:35.440,0x7DF,STD,8,RX,00 00 00 00 00 00 00 00
19:54:35.440,0x7DF,STD,8,RX,00 00 00 00 00 00 00 00
19:54:35.440,0x7DF,STD,8,RX,00 00 00 00 00 00 00 00
19:54:35.441,0x7DF,STD,8,RX,00 00 00 00 00 00 00 00
19:54:35.441,0x7DF,STD,8,TX,00 00 00 00 00 00 00 00
19:54:35.452,0x7DF,STD,8,TX,00 00 00 00 00 00 00 00
19:54:35.463,0x7DF,STD,8,TX,00 00 00 00 00 00 00 00
19:54:35.474,0x7DF,STD,8,TX,00 00 00 00 00 00 00 00
19:54:35.485,0x7DF,STD,8,TX,00 00 00 00 00 00 00 00
19:54:35.496,0x7DF,STD,8,TX,00 00 00 00 00 00 00 00
19:54:35.507,0x7DF,STD,8,TX,00 00 00 00 00 00 00 00
19:54:35.517,0x7DF,STD,8,TX,00 00 00 00 00 00 00 00
19:54:35.528,0x7DF,STD,8,TX,00 00 00 00 00 00 00 00
19:54:35.539,0x7DF,STD,8,TX,00 00 00 00 00 00 00 00
19:54:35.550,0x7DF,STD,8,TX,00 00 00 00 00 00 00 00
19:54:35.560,0x7DF,STD,8,TX,00 00 00 00 00 00 00 00
19:54:35.571,0x7DF,STD,8,TX,00 00 00 00 00 00 00 00
19:54:35.584,0x7DF,STD,8,TX,00 00 00 00 00 00 00 00
19:54:35.595,0x7DF,STD,8,TX,00 00 00 00 00 00 00 00
19:54:35.607,0x7DF,STD,8,TX,00 00 00 00 00 00 00 00
19:54:35.618,0x7DF,STD,8,TX,00 00 00 00 00 00 00 00
19:54:35.629,0x7DF,STD,8,TX,00 00 00 00 00 00 00 00
19:54:35.640,0x7DF,STD,8,TX,00 00 00 00 00 00 00 00
19:54:35.650,0x7DF,STD,8,RX,00 00 00 00 00 00 00 00
19:54:35.651,0x7DF,STD,8,RX,00 00 00 00 00 00 00 00
19:54:35.651,0x7DF,STD,8,RX,00 00 00 00 00 00 00 00
19:54:35.651,0x7DF,STD,8,RX,00 00 00 00 00 00 00 00
19:54:35.652,0x7DF,STD,8,RX,00 00 00 00 00 00 00 00
19:54:35.652,0x7DF,STD,8,RX,00 00 00 00 00 00 00 00
19:54:35.652,0x7DF,STD,8,RX,00 00 00 00 00 00 00 00
19:54:35.653,0x7DF,STD,8,RX,00 00 00 00 00 00 00 00
19:54:35.653,0x7DF,STD,8,RX,00 00 00 00 00 00 00 00
19:54:35.653,0x7DF,STD,8,RX,00 00 00 00 00 00 00 00
19:54:35.654,0x7DF,STD,8,RX,00 00 00 00 00 00 00 00
19:54:35.654,0x7DF,STD,8,RX,00 00 00 00 00 00 00 00
19:54:35.654,0x7DF,STD,8,RX,00 00 00 00 00 00 00 00
19:54:35.655,0x7DF,STD,8,RX,00 00 00 00 00 00 00 00
19:54:35.655,0x7DF,STD,8,RX,00 00 00 00 00 00 00 00
19:54:35.655,0x7DF,STD,8,RX,00 00 00 00 00 00 00 00
19:54:35.656,0x7DF,STD,8,RX,00 00 00 00 00 00 00 00
19:54:35.656,0x7DF,STD,8,RX,00 00 00 00 00 00 00 00
19:54:35.656,0x7DF,STD,8,RX,00 00 00 00 00 00 00 00
19:54:35.656,0x7DF,STD,8,TX,00 00 00 00 00 00 00 00
19:54:35.667,0x7DF,STD,8,TX,00 00 00 00 00 00 00 00
19:54:35.678,0x7DF,STD,8,TX,00 00 00 00 00 00 00 00
19:54:35.857,0x7DF,STD,8,RX,00 00 00 00 00 00 00 00
19:54:35.857,0x7DF,STD,8,RX,00 00 00 00 00 00 00 00
19:54:35.858,0x7DF,STD,8,RX,00 00 00 00 00 00 00 00
