1,19:54:12.299,0x7DF,STD,8,RX,00 00 00 00 00 00 00 00
2,19:54:12.299,0x7DF,STD,8,RX,00 00 00 00 00 00 00 00
3,19:54:12.299,0x7DF,STD,8,RX,00 00 00 00 00 00 00 00
4,19:54:12.300,0x7DF,STD,8,TX,00 00 00 00 00 00 00 00
5,19:54:12.367,0x7DF,STD,8,TX,00 00 00 00 00 00 00 00
6,19:54:12.379,0x7DF,STD,8,TX,00 00 00 00 00 00 00 00
7,19:54:12.390,0x7DF,STD,8,TX,00 00 00 00 00 00 00 00
8,19:54:12.401,0x7DF,STD,8,TX,00 00 00 00 00 00 00 00
9,19:54:12.412,0x7DF,STD,8,TX,00 00 00 00 00 00 00 00
10,19:54:12.423,0x7DF,STD,8,TX,00 00 00 00 00 00 00 00
11,19:54:12.434,0x7DF,STD,8,TX,00 00 00 00 00 00 00 00
12,19:54:12.447,0x7DF,STD,8,TX,00 00 00 00 00 00 00 00
13,19:54:12.459,0x7DF,STD,8,TX,00 00 00 00 00 00 00 00
14,19:54:12.474,0x7DF,STD,8,TX,00 00 00 00 00 00 00 00
15,19:54:12.487,0x7DF,STD,8,TX,00 00 00 00 00 00 00 00
16,19:54:12.502,0x7DF,STD,8,TX,00 00 00 00 00 00 00 00
17,19:54:12.502,0x7DF,STD,8,RX,00 00 00 00 00 00 00 00
18,19:54:12.503,0x7DF,STD,8,RX,00 00 00 00 00 00 00 00
19,19:54:12.503,0x7DF,STD,8,RX,00 00 00 00 00 00 00 00
20,19:54:12.503,0x7DF,STD,8,RX,00 00 00 00 00 00 00 00
21,19:54:12.504,0x7DF,STD,8,RX,00 00 00 00 00 00 00 00
22,19:54:12.504,0x7DF,STD,8,RX,00 00 00 00 00 00 00 00
23,19:54:12.504,0x7DF,STD,8,RX,00 00 00 00 00 00 00 00
24,19:54:12.504,0x7DF,STD,8,RX,00 00 00 00 00 00 00 00
25,19:54:12.505,0x7DF,STD,8,RX,00 00 00 00 00 00 00 00
26,19:54:12.505,0x7DF,STD,8,RX,00 00 00 00 00 00 00 00
27,19:54:12.505,0x7DF,STD,8,RX,00 00 00 00 00 00 00 00
28,19:54:12.505,0x7DF,STD,8,RX,00 00 00 00 00 00 00 00
29,19:54:12.520,0x7DF,STD,8,TX,00 00 00 00 00 00 00 00
30,19:54:12.534,0x7DF,STD,8,TX,00 00 00 00 00 00 00 00
31,19:54:12.548,0x7DF,STD,8,TX,00 00 00 00 00 00 00 00
32,19:54:12.563,0x7DF,STD,8,TX,00 00 00 00 00 00 00 00
33,19:54:12.577,0x7DF,STD,8,TX,00 00 00 00 00 00 00 00
34,19:54:12.592,0x7DF,STD,8,TX,00 00 00 00 00 00 00 00
35,19:54:12.607,0x7DF,STD,8,TX,00 00 00 00 00 00 00 00
36,19:54:12.620,0x7DF,STD,8,TX,00 00 00 00 00 00 00 00
37,19:54:12.633,0x7DF,STD,8,TX,00 00 00 00 00 00 00 00
38,19:54:12.646,0x7DF,STD,8,TX,00 00 00 00 00 00 00 00
39,19:54:12.657,0x7DF,STD,8,TX,00 00 00 00 00 00 00 00
40,19:54:12.669,0x7DF,STD,8,TX,00 00 00 00 00 00 00 00
41,19:54:12.680,0x7DF,STD,8,TX,00 00 00 00 00 00 00 00
42,19:54:12.692,0x7DF,STD,8,TX,00 00 00 00 00 00 00 00
43,19:54:12.708,0x7DF,STD,8,TX,00 00 00 00 00 00 00 00
44,19:54:12.709,0x7DF,STD,8,RX,00 00 00 00 00 00 00 00
45,19:54:12.709,0x7DF,STD,8,RX,00 00 00 00 00 00 00 00
46,19:54:12.710,0x7DF,STD,8,RX,00 00 00 00 00 00 00 00
47,19:54:12.710,0x7DF,STD,8,RX,00 00 00 00 00 00 00 00
48,19:54:12.710,0x7DF,STD,8,RX,00 00 00 00 00 00 00 00
49,19:54:12.710,0x7DF,STD,8,RX,00 00 00 00 00 00 00 00
50,19:54:12.710,0x7DF,STD,8,RX,00 00 00 00 00 00 00 00
51,19:54:12.711,0x7DF,STD,8,RX,00 00 00 00 00 00 00 00
52,19:54:12.711,0x7DF,STD,8,RX,00 00 00 00 00 00 00 00
53,19:54:12.711,0x7DF,STD,8,RX,00 00 00 00 00 00 00 00
54,19:54:12.711,0x7DF,STD,8,RX,00 00 00 00 00 00 00 00
55,19:54:12.712,0x7DF,STD,8,RX,00 00 00 00 00 00 00 00
56,19:54:12.712,0x7DF,STD,8,RX,00 00 00 00 00 00 00 00
57,19:54:12.712,0x7DF,STD,8,RX,00 00 00 00 00 00 00 00
58,19:54:12.713,0x7DF,STD,8,RX,00 00 00 00 00 00 00 00
59,19:54:12.727,0x7DF,STD,8,TX,00 00 00 00 00 00 00 00
60,19:54:12.741,0x7DF,STD,8,TX,00 00 00 00 00 00 00 00
61,19:54:12.755,0x7DF,STD,8,TX,00 00 00 00 00 00 00 00
62,19:54:12.766,0x7DF,STD,8,TX,00 00 00 00 00 00 00 00
63,19:54:12.777,0x7DF,STD,8,TX,00 00 00 00 00 00 00 00
64,19:54:12.788,0x7DF,STD,8,TX,00 00 00 00 00 00 00 00
65,19:54:12.798,0x7DF,STD,8,TX,00 00 00 00 00 00 00 00
66,19:54:12.809,0x7DF,STD,8,TX,00 00 00 00 00 00 00 00
67,19:54:12.820,0x7DF,STD,8,TX,00 00 00 00 00 00 00 00
68,19:54:12.830,0x7DF,STD,8,TX,00 00 00 00 00 00 00 00
69,19:54:12.841,0x7DF,STD,8,TX,00 00 00 00 00 00 00 00
70,19:54:12.852,0x7DF,STD,8,TX,00 00 00 00 00 00 00 00
71,19:54:12.863,0x7DF,STD,8,TX,00 00 00 00 00 00 00 00
72,19:54:12.874,0x7DF,STD,8,TX,00 00 00 00 00 00 00 00
73,19:54:12.885,0x7DF,STD,8,TX,00 00 00 00 00 00 00 00
74,19:54:12.896,0x7DF,STD,8,TX,00 00 00 00 00 00 00 00
75,19:54:12.908,0x7DF,STD,8,TX,00 00 00 00 00 00 00 00
76,19:54:12.918,0x7DF,STD,8,RX,00 00 00 00 00 00 00 00
77,19:54:12.918,0x7DF,STD,8,RX,00 00 00 00 00 00 00 00
78,19:54:12.919,0x7DF,STD,8,RX,00 00 00 00 00 00 00 00
79,19:54:12.919,0x7DF,STD,8,RX,00 00 00 00 00 00 00 00
80,19:54:12.919,0x7DF,STD,8,RX,00 00 00 00 00 00 00 00
81,19:54:12.919,0x7DF,STD,8,RX,00 00 00 00 00 00 00 00
82,19:54:12.919,0x7DF,STD,8,RX,00 00 00 00 00 00 00 00
83,19:54:12.919,0x7DF,STD,8,RX,00 00 00 00 00 00 00 00
84,19:54:12.920,0x7DF,STD,8,RX,00 00 00 00 00 00 00 00
85,19:54:12.920,0x7DF,STD,8,RX,00 00 00 00 00 00 00 00
86,19:54:12.920,0x7DF,STD,8,RX,00 00 00 00 00 00 00 00
87,19:54:12.920,0x7DF,STD,8,RX,00 00 00 00 00 00 00 00
88,19:54:12.920,0x7DF,STD,8,RX,00 00 00 00 00 00 00 00
89,19:54:12.921,0x7DF,STD,8,RX,00 00 00 00 00 00 00 00
90,19:54:12.921,0x7DF,STD,8,RX,00 00 00 00 00 00 00 00
91,19:54:12.921,0x7DF,STD,8,RX,00 00 00 00 00 00 00 00
92,19:54:12.921,0x7DF,STD,8,TX,00 00 00 00 00 00 00 00
93,19:54:12.932,0x7DF,STD,8,TX,00 00 00 00 00 00 00 00
94,19:54:12.943,0x7DF,STD,8,TX,00 00 00 00 00 00 00 00
95,19:54:12.953,0x7DF,STD,8,TX,00 00 00 00 00 00 00 00
96,19:54:12.964,0x7DF,STD,8,TX,00 00 00 00 00 00 00 00
97,19:54:12.978,0x7DF,STD,8,TX,00 00 00 00 00 00 00 00
98,19:54:12.996,0x7DF,STD,8,TX,00 00 00 00 00 00 00 00
99,19:54:13.014,0x7DF,STD,8,TX,00 00 00 00 00 00 00 00
100,19:54:13.032,0x7DF,STD,8,TX,00 00 00 00 00 00 00 00
101,19:54:13.052,0x7DF,STD,8,TX,00 00 00 00 00 00 00 00
102,19:54:13.071,0x7DF,STD,8,TX,00 00 00 00 00 00 00 00
103,19:54:13.090,0x7DF,STD,8,TX,00 00 00 00 00 00 00 00
104,19:54:13.110,0x7DF,STD,8,TX,00 00 00 00 00 00 00 00
105,19:54:13.128,0x7DF,STD,8,TX,00 00 00 00 00 00 00 00
106,19:54:13.129,0x7DF,STD,8,RX,00 00 00 00 00 00 00 00
107,19:54:13.129,0x7DF,STD,8,RX,00 00 00 00 00 00 00 00
108,19:54:13.130,0x7DF,STD,8,RX,00 00 00 00 00 00 00 00
109,19:54:13.130,0x7DF,STD,8,RX,00 00 00 00 00 00 00 00
110,19:54:13.131,0x7DF,STD,8,RX,00 00 00 00 00 00 00 00
111,19:54:13.131,0x7DF,STD,8,RX,00 00 00 00 00 00 00 00
112,19:54:13.131,0x7DF,STD,8,RX,00 00 00 00 00 00 00 00
113,19:54:13.132,0x7DF,STD,8,RX,00 00 00 00 00 00 00 00
114,19:54:13.132,0x7DF,STD,8,RX,00 00 00 00 00 00 00 00
115,19:54:13.132,0x7DF,STD,8,RX,00 00 00 00 00 00 00 00
116,19:54:13.132,0x7DF,STD,8,RX,00 00 00 00 00 00 00 00
117,19:54:13.133,0x7DF,STD,8,RX,00 00 00 00 00 00 00 00
118,19:54:13.133,0x7DF,STD,8,RX,00 00 00 00 00 00 00 00
119,19:54:13.133,0x7DF,STD,8,RX,00 00 00 00 00 00 00 00
120,19:54:13.150,0x7DF,STD,8,TX,00 00 00 00 00 00 00 00
121,19:54:13.171,0x7DF,STD,8,TX,00 00 00 00 00 00 00 00
122,19:54:13.185,0x7DF,STD,8,TX,00 00 00 00 00 00 00 00
123,19:54:13.197,0x7DF,STD,8,TX,00 00 00 00 00 00 00 00
124,19:54:13.208,0x7DF,STD,8,TX,00 00 00 00 00 00 00 00
125,19:54:13.219,0x7DF,STD,8,TX,00 00 00 00 00 00 00 00
126,19:54:13.230,0x7DF,STD,8,TX,00 00 00 00 00 00 00 00
127,19:54:13.240,0x7DF,STD,8,TX,00 00 00 00 00 00 00 00
128,19:54:13.251,0x7DF,STD,8,TX,00 00 00 00 00 00 00 00
129,19:54:13.262,0x7DF,STD,8,TX,00 00 00 00 00 00 00 00
130,19:54:13.273,0x7DF,STD,8,TX,00 00 00 00 00 00 00 00
131,19:54:13.283,0x7DF,STD,8,TX,00 00 00 00 00 00 00 00
132,19:54:13.294,0x7DF,STD,8,TX,00 00 00 00 00 00 00 00
133,19:54:13.304,0x7DF,STD,8,TX,00 00 00 00 00 00 00 00
134,19:54:13.315,0x7DF,STD,8,TX,00 00 00 00 00 00 00 00
135,19:54:13.326,0x7DF,STD,8,TX,00 00 00 00 00 00 00 00
136,19:54:13.336,0x7DF,STD,8,RX,00 00 00 00 00 00 00 00
137,19:54:13.336,0x7DF,STD,8,RX,00 00 00 00 00 00 00 00
138,19:54:13.337,0x7DF,STD,8,RX,00 00 00 00 00 00 00 00
139,19:54:13.337,0x7DF,STD,8,RX,00 00 00 00 00 00 00 00
140,19:54:13.337,0x7DF,STD,8,RX,00 00 00 00 00 00 00 00
141,19:54:13.337,0x7DF,STD,8,RX,00 00 00 00 00 00 00 00
142,19:54:13.337,0x7DF,STD,8,RX,00 00 00 00 00 00 00 00
143,19:54:13.337,0x7DF,STD,8,RX,00 00 00 00 00 00 00 00
144,19:54:13.338,0x7DF,STD,8,RX,00 00 00 00 00 00 00 00
145,19:54:13.338,0x7DF,STD,8,RX,00 00 00 00 00 00 00 00
146,19:54:13.338,0x7DF,STD,8,RX,00 00 00 00 00 00 00 00
147,19:54:13.338,0x7DF,STD,8,RX,00 00 00 00 00 00 00 00
148,19:54:13.338,0x7DF,STD,8,RX,00 00 00 00 00 00 00 00
149,19:54:13.339,0x7DF,STD,8,RX,00 00 00 00 00 00 00 00
150,19:54:13.339,0x7DF,STD,8,RX,00 00 00 00 00 00 00 00
151,19:54:13.339,0x7DF,STD,8,RX,00 00 00 00 00 00 00 00
152,19:54:13.339,0x7DF,STD,8,RX,00 00 00 00 00 00 00 00
153,19:54:13.340,0x7DF,STD,8,TX,00 00 00 00 00 00 00 00
154,19:54:13.350,0x7DF,STD,8,TX,00 00 00 00 00 00 00 00
155,19:54:13.361,0x7DF,STD,8,TX,00 00 00 00 00 00 00 00
156,19:54:13.376,0x7DF,STD,8,TX,00 00 00 00 00 00 00 00
157,19:54:13.394,0x7DF,STD,8,TX,00 00 00 00 00 00 00 00
158,19:54:13.414,0x7DF,STD,8,TX,00 00 00 00 00 00 00 00
159,19:54:13.427,0x7DF,STD,8,TX,00 00 00 00 00 00 00 00
160,19:54:13.445,0x7DF,STD,8,TX,00 00 00 00 00 00 00 00
161,19:54:13.456,0x7DF,STD,8,TX,00 00 00 00 00 00 00 00
162,19:54:13.466,0x7DF,STD,8,TX,00 00 00 00 00 00 00 00
163,19:54:13.477,0x7DF,STD,8,TX,00 00 00 00 00 00 00 00
164,19:54:13.489,0x7DF,STD,8,TX,00 00 00 00 00 00 00 00
165,19:54:13.501,0x7DF,STD,8,TX,00 00 00 00 00 00 00 00
166,19:54:13.515,0x7DF,STD,8,TX,00 00 00 00 00 00 00 00
167,19:54:13.527,0x7DF,STD,8,TX,00 00 00 00 00 00 00 00
168,19:54:13.539,0x7DF,STD,8,TX,00 00 00 00 00 00 00 00
169,19:54:13.540,0x7DF,STD,8,RX,00 00 00 00 00 00 00 00
170,19:54:13.540,0x7DF,STD,8,RX,00 00 00 00 00 00 00 00
171,19:54:13.540,0x7DF,STD,8,RX,00 00 00 00 00 00 00 00
172,19:54:13.540,0x7DF,STD,8,RX,00 00 00 00 00 00 00 00
173,19:54:13.541,0x7DF,STD,8,RX,00 00 00 00 00 00 00 00
174,19:54:13.541,0x7DF,STD,8,RX,00 00 00 00 00 00 00 00
175,19:54:13.541,0x7DF,STD,8,RX,00 00 00 00 00 00 00 00
176,19:54:13.541,0x7DF,STD,8,RX,00 00 00 00 00 00 00 00
177,19:54:13.541,0x7DF,STD,8,RX,00 00 00 00 00 00 00 00
178,19:54:13.542,0x7DF,STD,8,RX,00 00 00 00 00 00 00 00
179,19:54:13.542,0x7DF,STD,8,RX,00 00 00 00 00 00 00 00
180,19:54:13.542,0x7DF,STD,8,RX,00 00 00 00 00 00 00 00
181,19:54:13.542,0x7DF,STD,8,RX,00 00 00 00 00 00 00 00
182,19:54:13.543,0x7DF,STD,8,RX,00 00 00 00 00 00 00 00
183,19:54:13.543,0x7DF,STD,8,RX,00 00 00 00 00 00 00 00
184,19:54:13.555,0x7DF,STD,8,TX,00 00 00 00 00 00 00 00
185,19:54:13.568,0x7DF,STD,8,TX,00 00 00 00 00 00 00 00
186,19:54:13.582,0x7DF,STD,8,TX,00 00 00 00 00 00 00 00
187,19:54:13.595,0x7DF,STD,8,TX,00 00 00 00 00 00 00 00
188,19:54:13.611,0x7DF,STD,8,TX,00 00 00 00 00 00 00 00
189,19:54:13.631,0x7DF,STD,8,TX,00 00 00 00 00 00 00 00
190,19:54:13.650,0x7DF,STD,8,TX,00 00 00 00 00 00 00 00
191,19:54:13.672,0x7DF,STD,8,TX,00 00 00 00 00 00 00 00
192,19:54:13.697,0x7DF,STD,8,TX,00 00 00 00 00 00 00 00
193,19:54:13.721,0x7DF,STD,8,TX,00 00 00 00 00 00 00 00
194,19:54:13.741,0x7DF,STD,8,TX,00 00 00 00 00 00 00 00
195,19:54:13.761,0x7DF,STD,8,RX,00 00 00 00 00 00 00 00
196,19:54:13.761,0x7DF,STD,8,RX,00 00 00 00 00 00 00 00
197,19:54:13.762,0x7DF,STD,8,RX,00 00 00 00 00 00 00 00
198,19:54:13.762,0x7DF,STD,8,RX,00 00 00 00 00 00 00 00
199,19:54:13.763,0x7DF,STD,8,RX,00 00 00 00 00 00 00 00
200,19:54:13.763,0x7DF,STD,8,RX,00 00 00 00 00 00 00 00
201,19:54:13.763,0x7DF,STD,8,RX,00 00 00 00 00 00 00 00
202,19:54:13.764,0x7DF,STD,8,RX,00 00 00 00 00 00 00 00
203,19:54:13.764,0x7DF,STD,8,RX,00 00 00 00 00 00 00 00
204,19:54:13.764,0x7DF,STD,8,RX,00 00 00 00 00 00 00 00
205,19:54:13.765,0x7DF,STD,8,RX,00 00 00 00 00 00 00 00
206,19:54:13.765,0x7DF,STD,8,RX,00 00 00 00 00 00 00 00
207,19:54:13.765,0x7DF,STD,8,TX,00 00 00 00 00 00 00 00
208,19:54:13.785,0x7DF,STD,8,TX,00 00 00 00 00 00 00 00
209,19:54:13.804,0x7DF,STD,8,TX,00 00 00 00 00 00 00 00
210,19:54:13.820,0x7DF,STD,8,TX,00 00 00 00 00 00 00 00
211,19:54:13.833,0x7DF,STD,8,TX,00 00 00 00 00 00 00 00
212,19:54:13.846,0x7DF,STD,8,TX,00 00 00 00 00 00 00 00
213,19:54:13.863,0x7DF,STD,8,TX,00 00 00 00 00 00 00 00
214,19:54:13.877,0x7DF,STD,8,TX,00 00 00 00 00 00 00 00
215,19:54:13.889,0x7DF,STD,8,TX,00 00 00 00 00 00 00 00
216,19:54:13.901,0x7DF,STD,8,TX,00 00 00 00 00 00 00 00
217,19:54:13.913,0x7DF,STD,8,TX,00 00 00 00 00 00 00 00
218,19:54:13.925,0x7DF,STD,8,TX,00 00 00 00 00 00 00 00
219,19:54:13.937,0x7DF,STD,8,TX,00 00 00 00 00 00 00 00
220,19:54:13.950,0x7DF,STD,8,TX,00 00 00 00 00 00 00 00
221,19:54:13.961,0x7DF,STD,8,TX,00 00 00 00 00 00 00 00
222,19:54:13.975,0x7DF,STD,8,RX,00 00 00 00 00 00 00 00
223,19:54:13.975,0x7DF,STD,8,RX,00 00 00 00 00 00 00 00
224,19:54:13.976,0x7DF,STD,8,RX,00 00 00 00 00 00 00 00
225,19:54:13.976,0x7DF,STD,8,RX,00 00 00 00 00 00 00 00
226,19:54:13.976,0x7DF,STD,8,RX,00 00 00 00 00 00 00 00
227,19:54:13.976,0x7DF,STD,8,RX,00 00 00 00 00 00 00 00
228,19:54:13.976,0x7DF,STD,8,RX,00 00 00 00 00 00 00 00
229,19:54:13.977,0x7DF,STD,8,RX,00 00 00 00 00 00 00 00
230,19:54:13.977,0x7DF,STD,8,RX,00 00 00 00 00 00 00 00
231,19:54:13.977,0x7DF,STD,8,RX,00 00 00 00 00 00 00 00
232,19:54:13.977,0x7DF,STD,8,RX,00 00 00 00 00 00 00 00
233,19:54:13.977,0x7DF,STD,8,RX,00 00 00 00 00 00 00 00
234,19:54:13.978,0x7DF,STD,8,RX,00 00 00 00 00 00 00 00
235,19:54:13.978,0x7DF,STD,8,RX,00 00 00 00 00 00 00 00
236,19:54:13.978,0x7DF,STD,8,RX,00 00 00 00 00 00 00 00
237,19:54:13.979,0x7DF,STD,8,TX,00 00 00 00 00 00 00 00
238,19:54:13.991,0x7DF,STD,8,TX,00 00 00 00 00 00 00 00
239,19:54:14.004,0x7DF,STD,8,TX,00 00 00 00 00 00 00 00
240,19:54:14.017,0x7DF,STD,8,TX,00 00 00 00 00 00 00 00
241,19:54:14.030,0x7DF,STD,8,TX,00 00 00 00 00 00 00 00
242,19:54:14.044,0x7DF,STD,8,TX,00 00 00 00 00 00 00 00
243,19:54:14.057,0x7DF,STD,8,TX,00 00 00 00 00 00 00 00
244,19:54:14.071,0x7DF,STD,8,TX,00 00 00 00 00 00 00 00
245,19:54:14.085,0x7DF,STD,8,TX,00 00 00 00 00 00 00 00
246,19:54:14.099,0x7DF,STD,8,TX,00 00 00 00 00 00 00 00
247,19:54:14.111,0x7DF,STD,8,TX,00 00 00 00 00 00 00 00
248,19:54:14.123,0x7DF,STD,8,TX,00 00 00 00 00 00 00 00
249,19:54:14.135,0x7DF,STD,8,TX,00 00 00 00 00 00 00 00
250,19:54:14.146,0x7DF,STD,8,TX,00 00 00 00 00 00 00 00
251,19:54:14.159,0x7DF,STD,8,TX,00 00 00 00 00 00 00 00
252,19:54:14.171,0x7DF,STD,8,TX,00 00 00 00 00 00 00 00
253,19:54:14.186,0x7DF,STD,8,RX,00 00 00 00 00 00 00 00
254,19:54:14.186,0x7DF,STD,8,RX,00 00 00 00 00 00 00 00
255,19:54:14.186,0x7DF,STD,8,RX,00 00 00 00 00 00 00 00
256,19:54:14.187,0x7DF,STD,8,RX,00 00 00 00 00 00 00 00
257,19:54:14.187,0x7DF,STD,8,RX,00 00 00 00 00 00 00 00
258,19:54:14.187,0x7DF,STD,8,RX,00 00 00 00 00 00 00 00
259,19:54:14.187,0x7DF,STD,8,RX,00 00 00 00 00 00 00 00
260,19:54:14.188,0x7DF,STD,8,RX,00 00 00 00 00 00 00 00
261,19:54:14.188,0x7DF,STD,8,RX,00 00 00 00 00 00 00 00
262,19:54:14.188,0x7DF,STD,8,RX,00 00 00 00 00 00 00 00
263,19:54:14.188,0x7DF,STD,8,RX,00 00 00 00 00 00 00 00
264,19:54:14.188,0x7DF,STD,8,RX,00 00 00 00 00 00 00 00
265,19:54:14.189,0x7DF,STD,8,RX,00 00 00 00 00 00 00 00
266,19:54:14.189,0x7DF,STD,8,RX,00 00 00 00 00 00 00 00
267,19:54:14.189,0x7DF,STD,8,RX,00 00 00 00 00 00 00 00
268,19:54:14.189,0x7DF,STD,8,RX,00 00 00 00 00 00 00 00
269,19:54:14.190,0x7DF,STD,8,TX,00 00 00 00 00 00 00 00
270,19:54:14.201,0x7DF,STD,8,TX,00 00 00 00 00 00 00 00
271,19:54:14.212,0x7DF,STD,8,TX,00 00 00 00 00 00 00 00
272,19:54:14.222,0x7DF,STD,8,TX,00 00 00 00 00 00 00 00
273,19:54:14.233,0x7DF,STD,8,TX,00 00 00 00 00 00 00 00
274,19:54:14.244,0x7DF,STD,8,TX,00 00 00 00 00 00 00 00
275,19:54:14.259,0x7DF,STD,8,TX,00 00 00 00 00 00 00 00
276,19:54:14.288,0x7DF,STD,8,TX,00 00 00 00 00 00 00 00
277,19:54:14.307,0x7DF,STD,8,TX,00 00 00 00 00 00 00 00
278,19:54:14.320,0x7DF,STD,8,TX,00 00 00 00 00 00 00 00
279,19:54:14.331,0x7DF,STD,8,TX,00 00 00 00 00 00 00 00
280,19:54:14.343,0x7DF,STD,8,TX,00 00 00 00 00 00 00 00
281,19:54:14.355,0x7DF,STD,8,TX,00 00 00 00 00 00 00 00
282,19:54:14.366,0x7DF,STD,8,TX,00 00 00 00 00 00 00 00
283,19:54:14.378,0x7DF,STD,8,TX,00 00 00 00 00 00 00 00
284,19:54:14.389,0x7DF,STD,8,TX,00 00 00 00 00 00 00 00
285,19:54:14.390,0x7DF,STD,8,RX,00 00 00 00 00 00 00 00
286,19:54:14.390,0x7DF,STD,8,RX,00 00 00 00 00 00 00 00
287,19:54:14.391,0x7DF,STD,8,RX,00 00 00 00 00 00 00 00
288,19:54:14.391,0x7DF,STD,8,RX,00 00 00 00 00 00 00 00
289,19:54:14.391,0x7DF,STD,8,RX,00 00 00 00 00 00 00 00
290,19:54:14.391,0x7DF,STD,8,RX,00 00 00 00 00 00 00 00
291,19:54:14.392,0x7DF,STD,8,RX,00 00 00 00 00 00 00 00
292,19:54:14.392,0x7DF,STD,8,RX,00 00 00 00 00 00 00 00
293,19:54:14.392,0x7DF,STD,8,RX,00 00 00 00 00 00 00 00
294,19:54:14.392,0x7DF,STD,8,RX,00 00 00 00 00 00 00 00
295,19:54:14.393,0x7DF,STD,8,RX,00 00 00 00 00 00 00 00
296,19:54:14.393,0x7DF,STD,8,RX,00 00 00 00 00 00 00 00
297,19:54:14.393,0x7DF,STD,8,RX,00 00 00 00 00 00 00 00
298,19:54:14.393,0x7DF,STD,8,RX,00 00 00 00 00 00 00 00
299,19:54:14.393,0x7DF,STD,8,RX,00 00 00 00 00 00 00 00
300,19:54:14.404,0x7DF,STD,8,TX,00 00 00 00 00 00 00 00
301,19:54:14.415,0x7DF,STD,8,TX,00 00 00 00 00 00 00 00
302,19:54:14.425,0x7DF,STD,8,TX,00 00 00 00 00 00 00 00
303,19:54:14.436,0x7DF,STD,8,TX,00 00 00 00 00 00 00 00
304,19:54:14.448,0x7DF,STD,8,TX,00 00 00 00 00 00 00 00
305,19:54:14.460,0x7DF,STD,8,TX,00 00 00 00 00 00 00 00
306,19:54:14.471,0x7DF,STD,8,TX,00 00 00 00 00 00 00 00
307,19:54:14.483,0x7DF,STD,8,TX,00 00 00 00 00 00 00 00
308,19:54:14.495,0x7DF,STD,8,TX,00 00 00 00 00 00 00 00
309,19:54:14.507,0x7DF,STD,8,TX,00 00 00 00 00 00 00 00
310,19:54:14.518,0x7DF,STD,8,TX,00 00 00 00 00 00 00 00
311,19:54:14.528,0x7DF,STD,8,TX,00 00 00 00 00 00 00 00
312,19:54:14.539,0x7DF,STD,8,TX,00 00 00 00 00 00 00 00
313,19:54:14.550,0x7DF,STD,8,TX,00 00 00 00 00 00 00 00
314,19:54:14.561,0x7DF,STD,8,TX,00 00 00 00 00 00 00 00
315,19:54:14.572,0x7DF,STD,8,TX,00 00 00 00 00 00 00 00
316,19:54:14.582,0x7DF,STD,8,TX,00 00 00 00 00 00 00 00
317,19:54:14.593,0x7DF,STD,8,TX,00 00 00 00 00 00 00 00
318,19:54:14.594,0x7DF,STD,8,RX,00 00 00 00 00 00 00 00
319,19:54:14.594,0x7DF,STD,8,RX,00 00 00 00 00 00 00 00
320,19:54:14.594,0x7DF,STD,8,RX,00 00 00 00 00 00 00 00
321,19:54:14.595,0x7DF,STD,8,RX,00 00 00 00 00 00 00 00
322,19:54:14.595,0x7DF,STD,8,RX,00 00 00 00 00 00 00 00
323,19:54:14.595,0x7DF,STD,8,RX,00 00 00 00 00 00 00 00
324,19:54:14.596,0x7DF,STD,8,RX,00 00 00 00 00 00 00 00
325,19:54:14.596,0x7DF,STD,8,RX,00 00 00 00 00 00 00 00
326,19:54:14.596,0x7DF,STD,8,RX,00 00 00 00 00 00 00 00
327,19:54:14.597,0x7DF,STD,8,RX,00 00 00 00 00 00 00 00
328,19:54:14.597,0x7DF,STD,8,RX,00 00 00 00 00 00 00 00
329,19:54:14.597,0x7DF,STD,8,RX,00 00 00 00 00 00 00 00
330,19:54:14.597,0x7DF,STD,8,RX,00 00 00 00 00 00 00 00
331,19:54:14.598,0x7DF,STD,8,RX,00 00 00 00 00 00 00 00
332,19:54:14.598,0x7DF,STD,8,RX,00 00 00 00 00 00 00 00
333,19:54:14.598,0x7DF,STD,8,RX,00 00 00 00 00 00 00 00
334,19:54:14.598,0x7DF,STD,8,RX,00 00 00 00 00 00 00 00
335,19:54:14.598,0x7DF,STD,8,RX,00 00 00 00 00 00 00 00
336,19:54:14.608,0x7DF,STD,8,TX,00 00 00 00 00 00 00 00
337,19:54:14.619,0x7DF,STD,8,TX,00 00 00 00 00 00 00 00
338,19:54:14.631,0x7DF,STD,8,TX,00 00 00 00 00 00 00 00
339,19:54:14.642,0x7DF,STD,8,TX,00 00 00 00 00 00 00 00
340,19:54:14.653,0x7DF,STD,8,TX,00 00 00 00 00 00 00 00
341,19:54:14.664,0x7DF,STD,8,TX,00 00 00 00 00 00 00 00
342,19:54:14.675,0x7DF,STD,8,TX,00 00 00 00 00 00 00 00
343,19:54:14.687,0x7DF,STD,8,TX,00 00 00 00 00 00 00 00
344,19:54:14.698,0x7DF,STD,8,TX,00 00 00 00 00 00 00 00
345,19:54:14.709,0x7DF,STD,8,TX,00 00 00 00 00 00 00 00
346,19:54:14.720,0x7DF,STD,8,TX,00 00 00 00 00 00 00 00
347,19:54:14.731,0x7DF,STD,8,TX,00 00 00 00 00 00 00 00
348,19:54:14.741,0x7DF,STD,8,TX,00 00 00 00 00 00 00 00
349,19:54:14.752,0x7DF,STD,8,TX,00 00 00 00 00 00 00 00
350,19:54:14.763,0x7DF,STD,8,TX,00 00 00 00 00 00 00 00
351,19:54:14.774,0x7DF,STD,8,TX,00 00 00 00 00 00 00 00
352,19:54:14.785,0x7DF,STD,8,TX,00 00 00 00 00 00 00 00
353,19:54:14.796,0x7DF,STD,8,TX,00 00 00 00 00 00 00 00
354,19:54:14.806,0x7DF,STD,8,RX,00 00 00 00 00 00 00 00
355,19:54:14.806,0x7DF,STD,8,RX,00 00 00 00 00 00 00 00
356,19:54:14.806,0x7DF,STD,8,RX,00 00 00 00 00 00 00 00
357,19:54:14.806,0x7DF,STD,8,RX,00 00 00 00 00 00 00 00
358,19:54:14.807,0x7DF,STD,8,RX,00 00 00 00 00 00 00 00
359,19:54:14.807,0x7DF,STD,8,RX,00 00 00 00 00 00 00 00
360,19:54:14.807,0x7DF,STD,8,RX,00 00 00 00 00 00 00 00
361,19:54:14.808,0x7DF,STD,8,RX,00 00 00 00 00 00 00 00
362,19:54:14.808,0x7DF,STD,8,RX,00 00 00 00 00 00 00 00
363,19:54:14.808,0x7DF,STD,8,RX,00 00 00 00 00 00 00 00
364,19:54:14.808,0x7DF,STD,8,RX,00 00 00 00 00 00 00 00
365,19:54:14.808,0x7DF,STD,8,RX,00 00 00 00 00 00 00 00
366,19:54:14.809,0x7DF,STD,8,RX,00 00 00 00 00 00 00 00
367,19:54:14.809,0x7DF,STD,8,RX,00 00 00 00 00 00 00 00
368,19:54:14.809,0x7DF,STD,8,RX,00 00 00 00 00 00 00 00
369,19:54:14.809,0x7DF,STD,8,RX,00 00 00 00 00 00 00 00
370,19:54:14.810,0x7DF,STD,8,RX,00 00 00 00 00 00 00 00
371,19:54:14.810,0x7DF,STD,8,RX,00 00 00 00 00 00 00 00
372,19:54:14.810,0x7DF,STD,8,RX,00 00 00 00 00 00 00 00
373,19:54:14.810,0x7DF,STD,8,TX,00 00 00 00 00 00 00 00
374,19:54:14.821,0x7DF,STD,8,TX,00 00 00 00 00 00 00 00
375,19:54:14.832,0x7DF,STD,8,TX,00 00 00 00 00 00 00 00
376,19:54:14.843,0x7DF,STD,8,TX,00 00 00 00 00 00 00 00
377,19:54:14.854,0x7DF,STD,8,TX,00 00 00 00 00 00 00 00
378,19:54:14.864,0x7DF,STD,8,TX,00 00 00 00 00 00 00 00
379,19:54:14.875,0x7DF,STD,8,TX,00 00 00 00 00 00 00 00
380,19:54:14.887,0x7DF,STD,8,TX,00 00 00 00 00 00 00 00
381,19:54:14.897,0x7DF,STD,8,TX,00 00 00 00 00 00 00 00
382,19:54:14.910,0x7DF,STD,8,TX,00 00 00 00 00 00 00 00
383,19:54:14.924,0x7DF,STD,8,TX,00 00 00 00 00 00 00 00
384,19:54:14.938,0x7DF,STD,8,TX,00 00 00 00 00 00 00 00
385,19:54:14.949,0x7DF,STD,8,TX,00 00 00 00 00 00 00 00
386,19:54:14.962,0x7DF,STD,8,TX,00 00 00 00 00 00 00 00
387,19:54:14.973,0x7DF,STD,8,TX,00 00 00 00 00 00 00 00
388,19:54:14.984,0x7DF,STD,8,TX,00 00 00 00 00 00 00 00
389,19:54:14.995,0x7DF,STD,8,TX,00 00 00 00 00 00 00 00
390,19:54:15.006,0x7DF,STD,8,TX,00 00 00 00 00 00 00 00
391,19:54:15.017,0x7DF,STD,8,RX,00 00 00 00 00 00 00 00
392,19:54:15.018,0x7DF,STD,8,RX,00 00 00 00 00 00 00 00
393,19:54:15.018,0x7DF,STD,8,RX,00 00 00 00 00 00 00 00
394,19:54:15.018,0x7DF,STD,8,RX,00 00 00 00 00 00 00 00
395,19:54:15.018,0x7DF,STD,8,RX,00 00 00 00 00 00 00 00
396,19:54:15.019,0x7DF,STD,8,RX,00 00 00 00 00 00 00 00
397,19:54:15.019,0x7DF,STD,8,RX,00 00 00 00 00 00 00 00
398,19:54:15.019,0x7DF,STD,8,RX,00 00 00 00 00 00 00 00
399,19:54:15.019,0x7DF,STD,8,RX,00 00 00 00 00 00 00 00
400,19:54:15.020,0x7DF,STD,8,RX,00 00 00 00 00 00 00 00
401,19:54:15.020,0x7DF,STD,8,RX,00 00 00 00 00 00 00 00
402,19:54:15.020,0x7DF,STD,8,RX,00 00 00 00 00 00 00 00
403,19:54:15.020,0x7DF,STD,8,RX,00 00 00 00 00 00 00 00
404,19:54:15.021,0x7DF,STD,8,RX,00 00 00 00 00 00 00 00
405,19:54:15.021,0x7DF,STD,8,RX,00 00 00 00 00 00 00 00
406,19:54:15.021,0x7DF,STD,8,RX,00 00 00 00 00 00 00 00
407,19:54:15.021,0x7DF,STD,8,RX,00 00 00 00 00 00 00 00
408,19:54:15.021,0x7DF,STD,8,RX,00 00 00 00 00 00 00 00
409,19:54:15.022,0x7DF,STD,8,TX,00 00 00 00 00 00 00 00
410,19:54:15.032,0x7DF,STD,8,TX,00 00 00 00 00 00 00 00
411,19:54:15.043,0x7DF,STD,8,TX,00 00 00 00 00 00 00 00
412,19:54:15.054,0x7DF,STD,8,TX,00 00 00 00 00 00 00 00
413,19:54:15.065,0x7DF,STD,8,TX,00 00 00 00 00 00 00 00
414,19:54:15.076,0x7DF,STD,8,TX,00 00 00 00 00 00 00 00
415,19:54:15.087,0x7DF,STD,8,TX,00 00 00 00 00 00 00 00
416,19:54:15.097,0x7DF,STD,8,TX,00 00 00 00 00 00 00 00
417,19:54:15.108,0x7DF,STD,8,TX,00 00 00 00 00 00 00 00
418,19:54:15.118,0x7DF,STD,8,TX,00 00 00 00 00 00 00 00
419,19:54:15.129,0x7DF,STD,8,TX,00 00 00 00 00 00 00 00
420,19:54:15.140,0x7DF,STD,8,TX,00 00 00 00 00 00 00 00
421,19:54:15.151,0x7DF,STD,8,TX,00 00 00 00 00 00 00 00
422,19:54:15.162,0x7DF,STD,8,TX,00 00 00 00 00 00 00 00
423,19:54:15.173,0x7DF,STD,8,TX,00 00 00 00 00 00 00 00
424,19:54:15.183,0x7DF,STD,8,TX,00 00 00 00 00 00 00 00
425,19:54:15.197,0x7DF,STD,8,TX,00 00 00 00 00 00 00 00
426,19:54:15.208,0x7DF,STD,8,TX,00 00 00 00 00 00 00 00
427,19:54:15.218,0x7DF,STD,8,TX,00 00 00 00 00 00 00 00
428,19:54:15.228,0x7DF,STD,8,RX,00 00 00 00 00 00 00 00
429,19:54:15.229,0x7DF,STD,8,RX,00 00 00 00 00 00 00 00
430,19:54:15.229,0x7DF,STD,8,RX,00 00 00 00 00 00 00 00
431,19:54:15.229,0x7DF,STD,8,RX,00 00 00 00 00 00 00 00
432,19:54:15.230,0x7DF,STD,8,RX,00 00 00 00 00 00 00 00
433,19:54:15.230,0x7DF,STD,8,RX,00 00 00 00 00 00 00 00
434,19:54:15.230,0x7DF,STD,8,RX,00 00 00 00 00 00 00 00
435,19:54:15.230,0x7DF,STD,8,RX,00 00 00 00 00 00 00 00
436,19:54:15.231,0x7DF,STD,8,RX,00 00 00 00 00 00 00 00
437,19:54:15.231,0x7DF,STD,8,RX,00 00 00 00 00 00 00 00
438,19:54:15.231,0x7DF,STD,8,RX,00 00 00 00 00 00 00 00
439,19:54:15.231,0x7DF,STD,8,RX,00 00 00 00 00 00 00 00
440,19:54:15.231,0x7DF,STD,8,RX,00 00 00 00 00 00 00 00
441,19:54:15.232,0x7DF,STD,8,RX,00 00 00 00 00 00 00 00
442,19:54:15.232,0x7DF,STD,8,RX,00 00 00 00 00 00 00 00
443,19:54:15.232,0x7DF,STD,8,RX,00 00 00 00 00 00 00 00
444,19:54:15.232,0x7DF,STD,8,RX,00 00 00 00 00 00 00 00
445,19:54:15.233,0x7DF,STD,8,RX,00 00 00 00 00 00 00 00
446,19:54:15.233,0x7DF,STD,8,RX,00 00 00 00 00 00 00 00
447,19:54:15.233,0x7DF,STD,8,TX,00 00 00 00 00 00 00 00
448,19:54:15.244,0x7DF,STD,8,TX,00 00 00 00 00 00 00 00
449,19:54:15.256,0x7DF,STD,8,TX,00 00 00 00 00 00 00 00
450,19:54:15.267,0x7DF,STD,8,TX,00 00 00 00 00 00 00 00
451,19:54:15.278,0x7DF,STD,8,TX,00 00 00 00 00 00 00 00
452,19:54:15.289,0x7DF,STD,8,TX,00 00 00 00 00 00 00 00
453,19:54:15.299,0x7DF,STD,8,TX,00 00 00 00 00 00 00 00
454,19:54:15.310,0x7DF,STD,8,TX,00 00 00 00 00 00 00 00
455,19:54:15.321,0x7DF,STD,8,TX,00 00 00 00 00 00 00 00
456,19:54:15.332,0x7DF,STD,8,TX,00 00 00 00 00 00 00 00
457,19:54:15.343,0x7DF,STD,8,TX,00 00 00 00 00 00 00 00
458,19:54:15.353,0x7DF,STD,8,TX,00 00 00 00 00 00 00 00
459,19:54:15.365,0x7DF,STD,8,TX,00 00 00 00 00 00 00 00
460,19:54:15.375,0x7DF,STD,8,TX,00 00 00 00 00 00 00 00
461,19:54:15.386,0x7DF,STD,8,TX,00 00 00 00 00 00 00 00
462,19:54:15.397,0x7DF,STD,8,TX,00 00 00 00 00 00 00 00
463,19:54:15.408,0x7DF,STD,8,TX,00 00 00 00 00 00 00 00
464,19:54:15.419,0x7DF,STD,8,TX,00 00 00 00 00 00 00 00
465,19:54:15.429,0x7DF,STD,8,TX,00 00 00 00 00 00 00 00
466,19:54:15.439,0x7DF,STD,8,RX,00 00 00 00 00 00 00 00
467,19:54:15.440,0x7DF,STD,8,RX,00 00 00 00 00 00 00 00
468,19:54:15.440,0x7DF,STD,8,RX,00 00 00 00 00 00 00 00
469,19:54:15.440,0x7DF,STD,8,RX,00 00 00 00 00 00 00 00
470,19:54:15.441,0x7DF,STD,8,RX,00 00 00 00 00 00 00 00
471,19:54:15.441,0x7DF,STD,8,RX,00 00 00 00 00 00 00 00
472,19:54:15.441,0x7DF,STD,8,RX,00 00 00 00 00 00 00 00
473,19:54:15.441,0x7DF,STD,8,RX,00 00 00 00 00 00 00 00
474,19:54:15.442,0x7DF,STD,8,RX,00 00 00 00 00 00 00 00
475,19:54:15.442,0x7DF,STD,8,RX,00 00 00 00 00 00 00 00
476,19:54:15.442,0x7DF,STD,8,RX,00 00 00 00 00 00 00 00
477,19:54:15.442,0x7DF,STD,8,RX,00 00 00 00 00 00 00 00
478,19:54:15.443,0x7DF,STD,8,RX,00 00 00 00 00 00 00 00
479,19:54:15.443,0x7DF,STD,8,RX,00 00 00 00 00 00 00 00
480,19:54:15.443,0x7DF,STD,8,RX,00 00 00 00 00 00 00 00
481,19:54:15.443,0x7DF,STD,8,RX,00 00 00 00 00 00 00 00
482,19:54:15.444,0x7DF,STD,8,RX,00 00 00 00 00 00 00 00
483,19:54:15.444,0x7DF,STD,8,RX,00 00 00 00 00 00 00 00
484,19:54:15.444,0x7DF,STD,8,RX,00 00 00 00 00 00 00 00
485,19:54:15.445,0x7DF,STD,8,TX,00 00 00 00 00 00 00 00
486,19:54:15.456,0x7DF,STD,8,TX,00 00 00 00 00 00 00 00
487,19:54:15.467,0x7DF,STD,8,TX,00 00 00 00 00 00 00 00
488,19:54:15.478,0x7DF,STD,8,TX,00 00 00 00 00 00 00 00
489,19:54:15.488,0x7DF,STD,8,TX,00 00 00 00 00 00 00 00
490,19:54:15.499,0x7DF,STD,8,TX,00 00 00 00 00 00 00 00
491,19:54:15.511,0x7DF,STD,8,TX,00 00 00 00 00 00 00 00
492,19:54:15.522,0x7DF,STD,8,TX,00 00 00 00 00 00 00 00
493,19:54:15.532,0x7DF,STD,8,TX,00 00 00 00 00 00 00 00
494,19:54:15.543,0x7DF,STD,8,TX,00 00 00 00 00 00 00 00
495,19:54:15.553,0x7DF,STD,8,TX,00 00 00 00 00 00 00 00
496,19:54:15.565,0x7DF,STD,8,TX,00 00 00 00 00 00 00 00
497,19:54:15.576,0x7DF,STD,8,TX,00 00 00 00 00 00 00 00
498,19:54:15.587,0x7DF,STD,8,TX,00 00 00 00 00 00 00 00
499,19:54:15.598,0x7DF,STD,8,TX,00 00 00 00 00 00 00 00
500,19:54:15.609,0x7DF,STD,8,TX,00 00 00 00 00 00 00 00
501,19:54:15.620,0x7DF,STD,8,TX,00 00 00 00 00 00 00 00
502,19:54:15.631,0x7DF,STD,8,TX,00 00 00 00 00 00 00 00
503,19:54:15.643,0x7DF,STD,8,TX,00 00 00 00 00 00 00 00
504,19:54:15.653,0x7DF,STD,8,RX,00 00 00 00 00 00 00 00
505,19:54:15.654,0x7DF,STD,8,RX,00 00 00 00 00 00 00 00
506,19:54:15.654,0x7DF,STD,8,RX,00 00 00 00 00 00 00 00
507,19:54:15.654,0x7DF,STD,8,RX,00 00 00 00 00 00 00 00
508,19:54:15.655,0x7DF,STD,8,RX,00 00 00 00 00 00 00 00
509,19:54:15.655,0x7DF,STD,8,RX,00 00 00 00 00 00 00 00
510,19:54:15.655,0x7DF,STD,8,RX,00 00 00 00 00 00 00 00
511,19:54:15.655,0x7DF,STD,8,RX,00 00 00 00 00 00 00 00
512,19:54:15.656,0x7DF,STD,8,RX,00 00 00 00 00 00 00 00
513,19:54:15.656,0x7DF,STD,8,RX,00 00 00 00 00 00 00 00
514,19:54:15.656,0x7DF,STD,8,RX,00 00 00 00 00 00 00 00
515,19:54:15.656,0x7DF,STD,8,RX,00 00 00 00 00 00 00 00
516,19:54:15.657,0x7DF,STD,8,RX,00 00 00 00 00 00 00 00
517,19:54:15.657,0x7DF,STD,8,RX,00 00 00 00 00 00 00 00
518,19:54:15.657,0x7DF,STD,8,RX,00 00 00 00 00 00 00 00
519,19:54:15.657,0x7DF,STD,8,RX,00 00 00 00 00 00 00 00
520,19:54:15.658,0x7DF,STD,8,RX,00 00 00 00 00 00 00 00
521,19:54:15.658,0x7DF,STD,8,RX,00 00 00 00 00 00 00 00
522,19:54:15.658,0x7DF,STD,8,RX,00 00 00 00 00 00 00 00
523,19:54:15.658,0x7DF,STD,8,TX,00 00 00 00 00 00 00 00
524,19:54:15.669,0x7DF,STD,8,TX,00 00 00 00 00 00 00 00
525,19:54:15.680,0x7DF,STD,8,TX,00 00 00 00 00 00 00 00
526,19:54:15.692,0x7DF,STD,8,TX,00 00 00 00 00 00 00 00
527,19:54:15.703,0x7DF,STD,8,TX,00 00 00 00 00 00 00 00
528,19:54:15.714,0x7DF,STD,8,TX,00 00 00 00 00 00 00 00
529,19:54:15.727,0x7DF,STD,8,TX,00 00 00 00 00 00 00 00
530,19:54:15.738,0x7DF,STD,8,TX,00 00 00 00 00 00 00 00
531,19:54:15.749,0x7DF,STD,8,TX,00 00 00 00 00 00 00 00
532,19:54:15.760,0x7DF,STD,8,TX,00 00 00 00 00 00 00 00
533,19:54:15.771,0x7DF,STD,8,TX,00 00 00 00 00 00 00 00
534,19:54:15.782,0x7DF,STD,8,TX,00 00 00 00 00 00 00 00
535,19:54:15.793,0x7DF,STD,8,TX,00 00 00 00 00 00 00 00
536,19:54:15.804,0x7DF,STD,8,TX,00 00 00 00 00 00 00 00
537,19:54:15.814,0x7DF,STD,8,TX,00 00 00 00 00 00 00 00
538,19:54:15.825,0x7DF,STD,8,TX,00 00 00 00 00 00 00 00
539,19:54:15.836,0x7DF,STD,8,TX,00 00 00 00 00 00 00 00
540,19:54:15.847,0x7DF,STD,8,TX,00 00 00 00 00 00 00 00
541,19:54:15.857,0x7DF,STD,8,TX,00 00 00 00 00 00 00 00
542,19:54:15.867,0x7DF,STD,8,RX,00 00 00 00 00 00 00 00
543,19:54:15.867,0x7DF,STD,8,RX,00 00 00 00 00 00 00 00
544,19:54:15.868,0x7DF,STD,8,RX,00 00 00 00 00 00 00 00
545,19:54:15.868,0x7DF,STD,8,RX,00 00 00 00 00 00 00 00
546,19:54:15.869,0x7DF,STD,8,RX,00 00 00 00 00 00 00 00
547,19:54:15.869,0x7DF,STD,8,RX,00 00 00 00 00 00 00 00
548,19:54:15.869,0x7DF,STD,8,RX,00 00 00 00 00 00 00 00
549,19:54:15.869,0x7DF,STD,8,RX,00 00 00 00 00 00 00 00
550,19:54:15.870,0x7DF,STD,8,RX,00 00 00 00 00 00 00 00
551,19:54:15.870,0x7DF,STD,8,RX,00 00 00 00 00 00 00 00
552,19:54:15.870,0x7DF,STD,8,RX,00 00 00 00 00 00 00 00
553,19:54:15.870,0x7DF,STD,8,RX,00 00 00 00 00 00 00 00
554,19:54:15.871,0x7DF,STD,8,RX,00 00 00 00 00 00 00 00
555,19:54:15.871,0x7DF,STD,8,RX,00 00 00 00 00 00 00 00
556,19:54:15.871,0x7DF,STD,8,RX,00 00 00 00 00 00 00 00
557,19:54:15.871,0x7DF,STD,8,RX,00 00 00 00 00 00 00 00
558,19:54:15.872,0x7DF,STD,8,RX,00 00 00 00 00 00 00 00
559,19:54:15.872,0x7DF,STD,8,RX,00 00 00 00 00 00 00 00
560,19:54:15.872,0x7DF,STD,8,RX,00 00 00 00 00 00 00 00
561,19:54:15.873,0x7DF,STD,8,TX,00 00 00 00 00 00 00 00
562,19:54:15.884,0x7DF,STD,8,TX,00 00 00 00 00 00 00 00
563,19:54:15.895,0x7DF,STD,8,TX,00 00 00 00 00 00 00 00
564,19:54:15.905,0x7DF,STD,8,TX,00 00 00 00 00 00 00 00
565,19:54:15.916,0x7DF,STD,8,TX,00 00 00 00 00 00 00 00
566,19:54:15.927,0x7DF,STD,8,TX,00 00 00 00 00 00 00 00
567,19:54:15.938,0x7DF,STD,8,TX,00 00 00 00 00 00 00 00
568,19:54:15.949,0x7DF,STD,8,TX,00 00 00 00 00 00 00 00
569,19:54:15.959,0x7DF,STD,8,TX,00 00 00 00 00 00 00 00
570,19:54:15.970,0x7DF,STD,8,TX,00 00 00 00 00 00 00 00
571,19:54:15.981,0x7DF,STD,8,TX,00 00 00 00 00 00 00 00
572,19:54:15.991,0x7DF,STD,8,TX,00 00 00 00 00 00 00 00
573,19:54:16.002,0x7DF,STD,8,TX,00 00 00 00 00 00 00 00
574,19:54:16.013,0x7DF,STD,8,TX,00 00 00 00 00 00 00 00
575,19:54:16.024,0x7DF,STD,8,TX,00 00 00 00 00 00 00 00
576,19:54:16.035,0x7DF,STD,8,TX,00 00 00 00 00 00 00 00
577,19:54:16.045,0x7DF,STD,8,TX,00 00 00 00 00 00 00 00
578,19:54:16.056,0x7DF,STD,8,TX,00 00 00 00 00 00 00 00
579,19:54:16.067,0x7DF,STD,8,TX,00 00 00 00 00 00 00 00
580,19:54:16.077,0x7DF,STD,8,RX,00 00 00 00 00 00 00 00
581,19:54:16.077,0x7DF,STD,8,RX,00 00 00 00 00 00 00 00
582,19:54:16.078,0x7DF,STD,8,RX,00 00 00 00 00 00 00 00
583,19:54:16.078,0x7DF,STD,8,RX,00 00 00 00 00 00 00 00
584,19:54:16.078,0x7DF,STD,8,RX,00 00 00 00 00 00 00 00
585,19:54:16.079,0x7DF,STD,8,RX,00 00 00 00 00 00 00 00
586,19:54:16.079,0x7DF,STD,8,RX,00 00 00 00 00 00 00 00
587,19:54:16.080,0x7DF,STD,8,RX,00 00 00 00 00 00 00 00
588,19:54:16.080,0x7DF,STD,8,RX,00 00 00 00 00 00 00 00
589,19:54:16.080,0x7DF,STD,8,RX,00 00 00 00 00 00 00 00
590,19:54:16.080,0x7DF,STD,8,RX,00 00 00 00 00 00 00 00
591,19:54:16.081,0x7DF,STD,8,RX,00 00 00 00 00 00 00 00
592,19:54:16.081,0x7DF,STD,8,RX,00 00 00 00 00 00 00 00
593,19:54:16.081,0x7DF,STD,8,RX,00 00 00 00 00 00 00 00
594,19:54:16.082,0x7DF,STD,8,RX,00 00 00 00 00 00 00 00
595,19:54:16.082,0x7DF,STD,8,RX,00 00 00 00 00 00 00 00
596,19:54:16.082,0x7DF,STD,8,RX,00 00 00 00 00 00 00 00
597,19:54:16.082,0x7DF,STD,8,RX,00 00 00 00 00 00 00 00
598,19:54:16.083,0x7DF,STD,8,RX,00 00 00 00 00 00 00 00
599,19:54:16.083,0x7DF,STD,8,TX,00 00 00 00 00 00 00 00
600,19:54:16.094,0x7DF,STD,8,TX,00 00 00 00 00 00 00 00
601,19:54:16.105,0x7DF,STD,8,TX,00 00 00 00 00 00 00 00
602,19:54:16.117,0x7DF,STD,8,TX,00 00 00 00 00 00 00 00
603,19:54:16.127,0x7DF,STD,8,TX,00 00 00 00 00 00 00 00
604,19:54:16.138,0x7DF,STD,8,TX,00 00 00 00 00 00 00 00
605,19:54:16.149,0x7DF,STD,8,TX,00 00 00 00 00 00 00 00
606,19:54:16.160,0x7DF,STD,8,TX,00 00 00 00 00 00 00 00
607,19:54:16.172,0x7DF,STD,8,TX,00 00 00 00 00 00 00 00
608,19:54:16.183,0x7DF,STD,8,TX,00 00 00 00 00 00 00 00
609,19:54:16.196,0x7DF,STD,8,TX,00 00 00 00 00 00 00 00
610,19:54:16.207,0x7DF,STD,8,TX,00 00 00 00 00 00 00 00
611,19:54:16.218,0x7DF,STD,8,TX,00 00 00 00 00 00 00 00
612,19:54:16.230,0x7DF,STD,8,TX,00 00 00 00 00 00 00 00
613,19:54:16.242,0x7DF,STD,8,TX,00 00 00 00 00 00 00 00
614,19:54:16.253,0x7DF,STD,8,TX,00 00 00 00 00 00 00 00
615,19:54:16.264,0x7DF,STD,8,TX,00 00 00 00 00 00 00 00
616,19:54:16.275,0x7DF,STD,8,TX,00 00 00 00 00 00 00 00
617,19:54:16.287,0x7DF,STD,8,RX,00 00 00 00 00 00 00 00
618,19:54:16.288,0x7DF,STD,8,RX,00 00 00 00 00 00 00 00
619,19:54:16.288,0x7DF,STD,8,RX,00 00 00 00 00 00 00 00
620,19:54:16.288,0x7DF,STD,8,RX,00 00 00 00 00 00 00 00
621,19:54:16.288,0x7DF,STD,8,RX,00 00 00 00 00 00 00 00
622,19:54:16.289,0x7DF,STD,8,RX,00 00 00 00 00 00 00 00
623,19:54:16.289,0x7DF,STD,8,RX,00 00 00 00 00 00 00 00
624,19:54:16.289,0x7DF,STD,8,RX,00 00 00 00 00 00 00 00
625,19:54:16.289,0x7DF,STD,8,RX,00 00 00 00 00 00 00 00
626,19:54:16.290,0x7DF,STD,8,RX,00 00 00 00 00 00 00 00
627,19:54:16.290,0x7DF,STD,8,RX,00 00 00 00 00 00 00 00
628,19:54:16.291,0x7DF,STD,8,RX,00 00 00 00 00 00 00 00
629,19:54:16.291,0x7DF,STD,8,RX,00 00 00 00 00 00 00 00
630,19:54:16.291,0x7DF,STD,8,RX,00 00 00 00 00 00 00 00
631,19:54:16.292,0x7DF,STD,8,RX,00 00 00 00 00 00 00 00
632,19:54:16.292,0x7DF,STD,8,RX,00 00 00 00 00 00 00 00
633,19:54:16.292,0x7DF,STD,8,RX,00 00 00 00 00 00 00 00
634,19:54:16.292,0x7DF,STD,8,RX,00 00 00 00 00 00 00 00
635,19:54:16.293,0x7DF,STD,8,TX,00 00 00 00 00 00 00 00
636,19:54:16.303,0x7DF,STD,8,TX,00 00 00 00 00 00 00 00
637,19:54:16.314,0x7DF,STD,8,TX,00 00 00 00 00 00 00 00
638,19:54:16.325,0x7DF,STD,8,TX,00 00 00 00 00 00 00 00
639,19:54:16.336,0x7DF,STD,8,TX,00 00 00 00 00 00 00 00
640,19:54:16.346,0x7DF,STD,8,TX,00 00 00 00 00 00 00 00
641,19:54:16.357,0x7DF,STD,8,TX,00 00 00 00 00 00 00 00
642,19:54:16.368,0x7DF,STD,8,TX,00 00 00 00 00 00 00 00
643,19:54:16.379,0x7DF,STD,8,TX,00 00 00 00 00 00 00 00
644,19:54:16.390,0x7DF,STD,8,TX,00 00 00 00 00 00 00 00
645,19:54:16.400,0x7DF,STD,8,TX,00 00 00 00 00 00 00 00
646,19:54:16.411,0x7DF,STD,8,TX,00 00 00 00 00 00 00 00
647,19:54:16.422,0x7DF,STD,8,TX,00 00 00 00 00 00 00 00
648,19:54:16.432,0x7DF,STD,8,TX,00 00 00 00 00 00 00 00
649,19:54:16.443,0x7DF,STD,8,TX,00 00 00 00 00 00 00 00
650,19:54:16.454,0x7DF,STD,8,TX,00 00 00 00 00 00 00 00
651,19:54:16.465,0x7DF,STD,8,TX,00 00 00 00 00 00 00 00
652,19:54:16.475,0x7DF,STD,8,TX,00 00 00 00 00 00 00 00
653,19:54:16.486,0x7DF,STD,8,TX,00 00 00 00 00 00 00 00
654,19:54:16.497,0x7DF,STD,8,RX,00 00 00 00 00 00 00 00
655,19:54:16.498,0x7DF,STD,8,RX,00 00 00 00 00 00 00 00
656,19:54:16.498,0x7DF,STD,8,RX,00 00 00 00 00 00 00 00
657,19:54:16.499,0x7DF,STD,8,RX,00 00 00 00 00 00 00 00
658,19:54:16.499,0x7DF,STD,8,RX,00 00 00 00 00 00 00 00
659,19:54:16.499,0x7DF,STD,8,RX,00 00 00 00 00 00 00 00
660,19:54:16.499,0x7DF,STD,8,RX,00 00 00 00 00 00 00 00
661,19:54:16.500,0x7DF,STD,8,RX,00 00 00 00 00 00 00 00
662,19:54:16.500,0x7DF,STD,8,RX,00 00 00 00 00 00 00 00
663,19:54:16.500,0x7DF,STD,8,RX,00 00 00 00 00 00 00 00
664,19:54:16.501,0x7DF,STD,8,RX,00 00 00 00 00 00 00 00
665,19:54:16.501,0x7DF,STD,8,RX,00 00 00 00 00 00 00 00
666,19:54:16.501,0x7DF,STD,8,RX,00 00 00 00 00 00 00 00
667,19:54:16.501,0x7DF,STD,8,RX,00 00 00 00 00 00 00 00
668,19:54:16.502,0x7DF,STD,8,RX,00 00 00 00 00 00 00 00
669,19:54:16.502,0x7DF,STD,8,RX,00 00 00 00 00 00 00 00
670,19:54:16.503,0x7DF,STD,8,RX,00 00 00 00 00 00 00 00
671,19:54:16.503,0x7DF,STD,8,RX,00 00 00 00 00 00 00 00
672,19:54:16.503,0x7DF,STD,8,RX,00 00 00 00 00 00 00 00
673,19:54:16.504,0x7DF,STD,8,TX,00 00 00 00 00 00 00 00
674,19:54:16.516,0x7DF,STD,8,TX,00 00 00 00 00 00 00 00
675,19:54:16.526,0x7DF,STD,8,TX,00 00 00 00 00 00 00 00
676,19:54:16.537,0x7DF,STD,8,TX,00 00 00 00 00 00 00 00
677,19:54:16.548,0x7DF,STD,8,TX,00 00 00 00 00 00 00 00
678,19:54:16.559,0x7DF,STD,8,TX,00 00 00 00 00 00 00 00
679,19:54:16.570,0x7DF,STD,8,TX,00 00 00 00 00 00 00 00
680,19:54:16.581,0x7DF,STD,8,TX,00 00 00 00 00 00 00 00
681,19:54:16.592,0x7DF,STD,8,TX,00 00 00 00 00 00 00 00
682,19:54:16.603,0x7DF,STD,8,TX,00 00 00 00 00 00 00 00
683,19:54:16.614,0x7DF,STD,8,TX,00 00 00 00 00 00 00 00
684,19:54:16.625,0x7DF,STD,8,TX,00 00 00 00 00 00 00 00
685,19:54:16.636,0x7DF,STD,8,TX,00 00 00 00 00 00 00 00
686,19:54:16.647,0x7DF,STD,8,TX,00 00 00 00 00 00 00 00
687,19:54:16.658,0x7DF,STD,8,TX,00 00 00 00 00 00 00 00
688,19:54:16.669,0x7DF,STD,8,TX,00 00 00 00 00 00 00 00
689,19:54:16.679,0x7DF,STD,8,TX,00 00 00 00 00 00 00 00
690,19:54:16.691,0x7DF,STD,8,TX,00 00 00 00 00 00 00 00
691,19:54:16.702,0x7DF,STD,8,TX,00 00 00 00 00 00 00 00
692,19:54:16.711,0x7DF,STD,8,RX,00 00 00 00 00 00 00 00
693,19:54:16.712,0x7DF,STD,8,RX,00 00 00 00 00 00 00 00
694,19:54:16.712,0x7DF,STD,8,RX,00 00 00 00 00 00 00 00
695,19:54:16.713,0x7DF,STD,8,RX,00 00 00 00 00 00 00 00
696,19:54:16.713,0x7DF,STD,8,RX,00 00 00 00 00 00 00 00
697,19:54:16.713,0x7DF,STD,8,RX,00 00 00 00 00 00 00 00
698,19:54:16.714,0x7DF,STD,8,RX,00 00 00 00 00 00 00 00
699,19:54:16.714,0x7DF,STD,8,RX,00 00 00 00 00 00 00 00
700,19:54:16.714,0x7DF,STD,8,RX,00 00 00 00 00 00 00 00
701,19:54:16.715,0x7DF,STD,8,RX,00 00 00 00 00 00 00 00
702,19:54:16.715,0x7DF,STD,8,RX,00 00 00 00 00 00 00 00
703,19:54:16.715,0x7DF,STD,8,RX,00 00 00 00 00 00 00 00
704,19:54:16.716,0x7DF,STD,8,RX,00 00 00 00 00 00 00 00
705,19:54:16.716,0x7DF,STD,8,RX,00 00 00 00 00 00 00 00
706,19:54:16.716,0x7DF,STD,8,RX,00 00 00 00 00 00 00 00
707,19:54:16.716,0x7DF,STD,8,RX,00 00 00 00 00 00 00 00
708,19:54:16.717,0x7DF,STD,8,RX,00 00 00 00 00 00 00 00
709,19:54:16.717,0x7DF,STD,8,RX,00 00 00 00 00 00 00 00
710,19:54:16.717,0x7DF,STD,8,RX,00 00 00 00 00 00 00 00
711,19:54:16.718,0x7DF,STD,8,TX,00 00 00 00 00 00 00 00
712,19:54:16.728,0x7DF,STD,8,TX,00 00 00 00 00 00 00 00
713,19:54:16.739,0x7DF,STD,8,TX,00 00 00 00 00 00 00 00
714,19:54:16.750,0x7DF,STD,8,TX,00 00 00 00 00 00 00 00
715,19:54:16.761,0x7DF,STD,8,TX,00 00 00 00 00 00 00 00
716,19:54:16.772,0x7DF,STD,8,TX,00 00 00 00 00 00 00 00
717,19:54:16.782,0x7DF,STD,8,TX,00 00 00 00 00 00 00 00
718,19:54:16.794,0x7DF,STD,8,TX,00 00 00 00 00 00 00 00
719,19:54:16.805,0x7DF,STD,8,TX,00 00 00 00 00 00 00 00
720,19:54:16.816,0x7DF,STD,8,TX,00 00 00 00 00 00 00 00
721,19:54:16.827,0x7DF,STD,8,TX,00 00 00 00 00 00 00 00
722,19:54:16.838,0x7DF,STD,8,TX,00 00 00 00 00 00 00 00
723,19:54:16.849,0x7DF,STD,8,TX,00 00 00 00 00 00 00 00
724,19:54:16.859,0x7DF,STD,8,TX,00 00 00 00 00 00 00 00
725,19:54:16.870,0x7DF,STD,8,TX,00 00 00 00 00 00 00 00
726,19:54:16.881,0x7DF,STD,8,TX,00 00 00 00 00 00 00 00
727,19:54:16.892,0x7DF,STD,8,TX,00 00 00 00 00 00 00 00
728,19:54:16.903,0x7DF,STD,8,TX,00 00 00 00 00 00 00 00
729,19:54:16.914,0x7DF,STD,8,TX,00 00 00 00 00 00 00 00
730,19:54:16.924,0x7DF,STD,8,RX,00 00 00 00 00 00 00 00
731,19:54:16.924,0x7DF,STD,8,RX,00 00 00 00 00 00 00 00
732,19:54:16.925,0x7DF,STD,8,RX,00 00 00 00 00 00 00 00
733,19:54:16.925,0x7DF,STD,8,RX,00 00 00 00 00 00 00 00
734,19:54:16.925,0x7DF,STD,8,RX,00 00 00 00 00 00 00 00
735,19:54:16.926,0x7DF,STD,8,RX,00 00 00 00 00 00 00 00
736,19:54:16.926,0x7DF,STD,8,RX,00 00 00 00 00 00 00 00
737,19:54:16.926,0x7DF,STD,8,RX,00 00 00 00 00 00 00 00
738,19:54:16.926,0x7DF,STD,8,RX,00 00 00 00 00 00 00 00
739,19:54:16.927,0x7DF,STD,8,RX,00 00 00 00 00 00 00 00
740,19:54:16.927,0x7DF,STD,8,RX,00 00 00 00 00 00 00 00
741,19:54:16.927,0x7DF,STD,8,RX,00 00 00 00 00 00 00 00
742,19:54:16.927,0x7DF,STD,8,RX,00 00 00 00 00 00 00 00
743,19:54:16.928,0x7DF,STD,8,RX,00 00 00 00 00 00 00 00
744,19:54:16.928,0x7DF,STD,8,RX,00 00 00 00 00 00 00 00
745,19:54:16.928,0x7DF,STD,8,RX,00 00 00 00 00 00 00 00
746,19:54:16.929,0x7DF,STD,8,RX,00 00 00 00 00 00 00 00
747,19:54:16.929,0x7DF,STD,8,RX,00 00 00 00 00 00 00 00
748,19:54:16.930,0x7DF,STD,8,RX,00 00 00 00 00 00 00 00
749,19:54:16.930,0x7DF,STD,8,TX,00 00 00 00 00 00 00 00
750,19:54:16.941,0x7DF,STD,8,TX,00 00 00 00 00 00 00 00
751,19:54:16.952,0x7DF,STD,8,TX,00 00 00 00 00 00 00 00
752,19:54:16.963,0x7DF,STD,8,TX,00 00 00 00 00 00 00 00
753,19:54:16.974,0x7DF,STD,8,TX,00 00 00 00 00 00 00 00
754,19:54:16.985,0x7DF,STD,8,TX,00 00 00 00 00 00 00 00
755,19:54:16.996,0x7DF,STD,8,TX,00 00 00 00 00 00 00 00
756,19:54:17.007,0x7DF,STD,8,TX,00 00 00 00 00 00 00 00
757,19:54:17.018,0x7DF,STD,8,TX,00 00 00 00 00 00 00 00
758,19:54:17.029,0x7DF,STD,8,TX,00 00 00 00 00 00 00 00
759,19:54:17.039,0x7DF,STD,8,TX,00 00 00 00 00 00 00 00
760,19:54:17.050,0x7DF,STD,8,TX,00 00 00 00 00 00 00 00
761,19:54:17.061,0x7DF,STD,8,TX,00 00 00 00 00 00 00 00
762,19:54:17.072,0x7DF,STD,8,TX,00 00 00 00 00 00 00 00
763,19:54:17.083,0x7DF,STD,8,TX,00 00 00 00 00 00 00 00
764,19:54:17.094,0x7DF,STD,8,TX,00 00 00 00 00 00 00 00
765,19:54:17.105,0x7DF,STD,8,TX,00 00 00 00 00 00 00 00
766,19:54:17.115,0x7DF,STD,8,TX,00 00 00 00 00 00 00 00
767,19:54:17.126,0x7DF,STD,8,TX,00 00 00 00 00 00 00 00
768,19:54:17.137,0x7DF,STD,8,RX,00 00 00 00 00 00 00 00
769,19:54:17.138,0x7DF,STD,8,RX,00 00 00 00 00 00 00 00
770,19:54:17.138,0x7DF,STD,8,RX,00 00 00 00 00 00 00 00
771,19:54:17.138,0x7DF,STD,8,RX,00 00 00 00 00 00 00 00
772,19:54:17.139,0x7DF,STD,8,RX,00 00 00 00 00 00 00 00
773,19:54:17.139,0x7DF,STD,8,RX,00 00 00 00 00 00 00 00
774,19:54:17.139,0x7DF,STD,8,RX,00 00 00 00 00 00 00 00
775,19:54:17.140,0x7DF,STD,8,RX,00 00 00 00 00 00 00 00
776,19:54:17.140,0x7DF,STD,8,RX,00 00 00 00 00 00 00 00
777,19:54:17.141,0x7DF,STD,8,RX,00 00 00 00 00 00 00 00
778,19:54:17.141,0x7DF,STD,8,RX,00 00 00 00 00 00 00 00
779,19:54:17.141,0x7DF,STD,8,RX,00 00 00 00 00 00 00 00
780,19:54:17.141,0x7DF,STD,8,RX,00 00 00 00 00 00 00 00
781,19:54:17.142,0x7DF,STD,8,RX,00 00 00 00 00 00 00 00
782,19:54:17.142,0x7DF,STD,8,RX,00 00 00 00 00 00 00 00
783,19:54:17.142,0x7DF,STD,8,RX,00 00 00 00 00 00 00 00
784,19:54:17.143,0x7DF,STD,8,RX,00 00 00 00 00 00 00 00
785,19:54:17.143,0x7DF,STD,8,RX,00 00 00 00 00 00 00 00
786,19:54:17.143,0x7DF,STD,8,RX,00 00 00 00 00 00 00 00
787,19:54:17.144,0x7DF,STD,8,TX,00 00 00 00 00 00 00 00
788,19:54:17.154,0x7DF,STD,8,TX,00 00 00 00 00 00 00 00
789,19:54:17.165,0x7DF,STD,8,TX,00 00 00 00 00 00 00 00
790,19:54:17.176,0x7DF,STD,8,TX,00 00 00 00 00 00 00 00
791,19:54:17.187,0x7DF,STD,8,TX,00 00 00 00 00 00 00 00
792,19:54:17.198,0x7DF,STD,8,TX,00 00 00 00 00 00 00 00
793,19:54:17.209,0x7DF,STD,8,TX,00 00 00 00 00 00 00 00
794,19:54:17.219,0x7DF,STD,8,TX,00 00 00 00 00 00 00 00
795,19:54:17.230,0x7DF,STD,8,TX,00 00 00 00 00 00 00 00
796,19:54:17.241,0x7DF,STD,8,TX,00 00 00 00 00 00 00 00
797,19:54:17.252,0x7DF,STD,8,TX,00 00 00 00 00 00 00 00
798,19:54:17.263,0x7DF,STD,8,TX,00 00 00 00 00 00 00 00
799,19:54:17.274,0x7DF,STD,8,TX,00 00 00 00 00 00 00 00
800,19:54:17.284,0x7DF,STD,8,TX,00 00 00 00 00 00 00 00
801,19:54:17.296,0x7DF,STD,8,TX,00 00 00 00 00 00 00 00
802,19:54:17.308,0x7DF,STD,8,TX,00 00 00 00 00 00 00 00
803,19:54:17.319,0x7DF,STD,8,TX,00 00 00 00 00 00 00 00
804,19:54:17.330,0x7DF,STD,8,TX,00 00 00 00 00 00 00 00
805,19:54:17.340,0x7DF,STD,8,TX,00 00 00 00 00 00 00 00
806,19:54:17.351,0x7DF,STD,8,RX,00 00 00 00 00 00 00 00
807,19:54:17.351,0x7DF,STD,8,RX,00 00 00 00 00 00 00 00
808,19:54:17.352,0x7DF,STD,8,RX,00 00 00 00 00 00 00 00
809,19:54:17.352,0x7DF,STD,8,RX,00 00 00 00 00 00 00 00
810,19:54:17.352,0x7DF,STD,8,RX,00 00 00 00 00 00 00 00
811,19:54:17.353,0x7DF,STD,8,RX,00 00 00 00 00 00 00 00
812,19:54:17.353,0x7DF,STD,8,RX,00 00 00 00 00 00 00 00
813,19:54:17.353,0x7DF,STD,8,RX,00 00 00 00 00 00 00 00
814,19:54:17.353,0x7DF,STD,8,RX,00 00 00 00 00 00 00 00
815,19:54:17.354,0x7DF,STD,8,RX,00 00 00 00 00 00 00 00
816,19:54:17.354,0x7DF,STD,8,RX,00 00 00 00 00 00 00 00
817,19:54:17.354,0x7DF,STD,8,RX,00 00 00 00 00 00 00 00
818,19:54:17.355,0x7DF,STD,8,RX,00 00 00 00 00 00 00 00
819,19:54:17.355,0x7DF,STD,8,RX,00 00 00 00 00 00 00 00
820,19:54:17.355,0x7DF,STD,8,RX,00 00 00 00 00 00 00 00
821,19:54:17.356,0x7DF,STD,8,RX,00 00 00 00 00 00 00 00
822,19:54:17.356,0x7DF,STD,8,RX,00 00 00 00 00 00 00 00
823,19:54:17.356,0x7DF,STD,8,RX,00 00 00 00 00 00 00 00
824,19:54:17.356,0x7DF,STD,8,RX,00 00 00 00 00 00 00 00
825,19:54:17.357,0x7DF,STD,8,TX,00 00 00 00 00 00 00 00
826,19:54:17.368,0x7DF,STD,8,TX,00 00 00 00 00 00 00 00
827,19:54:17.379,0x7DF,STD,8,TX,00 00 00 00 00 00 00 00
828,19:54:17.390,0x7DF,STD,8,TX,00 00 00 00 00 00 00 00
829,19:54:17.401,0x7DF,STD,8,TX,00 00 00 00 00 00 00 00
830,19:54:17.412,0x7DF,STD,8,TX,00 00 00 00 00 00 00 00
831,19:54:17.423,0x7DF,STD,8,TX,00 00 00 00 00 00 00 00
832,19:54:17.434,0x7DF,STD,8,TX,00 00 00 00 00 00 00 00
833,19:54:17.445,0x7DF,STD,8,TX,00 00 00 00 00 00 00 00
834,19:54:17.457,0x7DF,STD,8,TX,00 00 00 00 00 00 00 00
835,19:54:17.467,0x7DF,STD,8,TX,00 00 00 00 00 00 00 00
836,19:54:17.478,0x7DF,STD,8,TX,00 00 00 00 00 00 00 00
837,19:54:17.490,0x7DF,STD,8,TX,00 00 00 00 00 00 00 00
838,19:54:17.501,0x7DF,STD,8,TX,00 00 00 00 00 00 00 00
839,19:54:17.512,0x7DF,STD,8,TX,00 00 00 00 00 00 00 00
840,19:54:17.523,0x7DF,STD,8,TX,00 00 00 00 00 00 00 00
841,19:54:17.533,0x7DF,STD,8,TX,00 00 00 00 00 00 00 00
842,19:54:17.544,0x7DF,STD,8,TX,00 00 00 00 00 00 00 00
843,19:54:17.555,0x7DF,STD,8,TX,00 00 00 00 00 00 00 00
844,19:54:17.565,0x7DF,STD,8,RX,00 00 00 00 00 00 00 00
845,19:54:17.566,0x7DF,STD,8,RX,00 00 00 00 00 00 00 00
846,19:54:17.566,0x7DF,STD,8,RX,00 00 00 00 00 00 00 00
847,19:54:17.567,0x7DF,STD,8,RX,00 00 00 00 00 00 00 00
848,19:54:17.567,0x7DF,STD,8,RX,00 00 00 00 00 00 00 00
849,19:54:17.567,0x7DF,STD,8,RX,00 00 00 00 00 00 00 00
850,19:54:17.567,0x7DF,STD,8,RX,00 00 00 00 00 00 00 00
851,19:54:17.568,0x7DF,STD,8,RX,00 00 00 00 00 00 00 00
852,19:54:17.568,0x7DF,STD,8,RX,00 00 00 00 00 00 00 00
853,19:54:17.569,0x7DF,STD,8,RX,00 00 00 00 00 00 00 00
854,19:54:17.569,0x7DF,STD,8,RX,00 00 00 00 00 00 00 00
855,19:54:17.569,0x7DF,STD,8,RX,00 00 00 00 00 00 00 00
856,19:54:17.570,0x7DF,STD,8,RX,00 00 00 00 00 00 00 00
857,19:54:17.570,0x7DF,STD,8,RX,00 00 00 00 00 00 00 00
858,19:54:17.570,0x7DF,STD,8,RX,00 00 00 00 00 00 00 00
859,19:54:17.571,0x7DF,STD,8,RX,00 00 00 00 00 00 00 00
860,19:54:17.571,0x7DF,STD,8,RX,00 00 00 00 00 00 00 00
861,19:54:17.571,0x7DF,STD,8,RX,00 00 00 00 00 00 00 00
862,19:54:17.572,0x7DF,STD,8,TX,00 00 00 00 00 00 00 00
863,19:54:17.583,0x7DF,STD,8,TX,00 00 00 00 00 00 00 00
864,19:54:17.594,0x7DF,STD,8,TX,00 00 00 00 00 00 00 00
865,19:54:17.604,0x7DF,STD,8,TX,00 00 00 00 00 00 00 00
866,19:54:17.615,0x7DF,STD,8,TX,00 00 00 00 00 00 00 00
867,19:54:17.626,0x7DF,STD,8,TX,00 00 00 00 00 00 00 00
868,19:54:17.636,0x7DF,STD,8,TX,00 00 00 00 00 00 00 00
869,19:54:17.647,0x7DF,STD,8,TX,00 00 00 00 00 00 00 00
870,19:54:17.658,0x7DF,STD,8,TX,00 00 00 00 00 00 00 00
871,19:54:17.669,0x7DF,STD,8,TX,00 00 00 00 00 00 00 00
872,19:54:17.680,0x7DF,STD,8,TX,00 00 00 00 00 00 00 00
873,19:54:17.691,0x7DF,STD,8,TX,00 00 00 00 00 00 00 00
874,19:54:17.702,0x7DF,STD,8,TX,00 00 00 00 00 00 00 00
875,19:54:17.713,0x7DF,STD,8,TX,00 00 00 00 00 00 00 00
876,19:54:17.724,0x7DF,STD,8,TX,00 00 00 00 00 00 00 00
877,19:54:17.735,0x7DF,STD,8,TX,00 00 00 00 00 00 00 00
878,19:54:17.745,0x7DF,STD,8,TX,00 00 00 00 00 00 00 00
879,19:54:17.757,0x7DF,STD,8,TX,00 00 00 00 00 00 00 00
880,19:54:17.768,0x7DF,STD,8,TX,00 00 00 00 00 00 00 00
881,19:54:17.779,0x7DF,STD,8,RX,00 00 00 00 00 00 00 00
882,19:54:17.779,0x7DF,STD,8,RX,00 00 00 00 00 00 00 00
883,19:54:17.779,0x7DF,STD,8,RX,00 00 00 00 00 00 00 00
884,19:54:17.780,0x7DF,STD,8,RX,00 00 00 00 00 00 00 00
885,19:54:17.780,0x7DF,STD,8,RX,00 00 00 00 00 00 00 00
886,19:54:17.780,0x7DF,STD,8,RX,00 00 00 00 00 00 00 00
887,19:54:17.781,0x7DF,STD,8,RX,00 00 00 00 00 00 00 00
888,19:54:17.781,0x7DF,STD,8,RX,00 00 00 00 00 00 00 00
889,19:54:17.781,0x7DF,STD,8,RX,00 00 00 00 00 00 00 00
890,19:54:17.782,0x7DF,STD,8,RX,00 00 00 00 00 00 00 00
891,19:54:17.782,0x7DF,STD,8,RX,00 00 00 00 00 00 00 00
892,19:54:17.782,0x7DF,STD,8,RX,00 00 00 00 00 00 00 00
893,19:54:17.783,0x7DF,STD,8,RX,00 00 00 00 00 00 00 00
894,19:54:17.783,0x7DF,STD,8,RX,00 00 00 00 00 00 00 00
895,19:54:17.783,0x7DF,STD,8,RX,00 00 00 00 00 00 00 00
896,19:54:17.784,0x7DF,STD,8,RX,00 00 00 00 00 00 00 00
897,19:54:17.784,0x7DF,STD,8,RX,00 00 00 00 00 00 00 00
898,19:54:17.784,0x7DF,STD,8,RX,00 00 00 00 00 00 00 00
899,19:54:17.785,0x7DF,STD,8,RX,00 00 00 00 00 00 00 00
900,19:54:17.785,0x7DF,STD,8,TX,00 00 00 00 00 00 00 00
901,19:54:17.796,0x7DF,STD,8,TX,00 00 00 00 00 00 00 00
902,19:54:17.809,0x7DF,STD,8,TX,00 00 00 00 00 00 00 00
903,19:54:17.820,0x7DF,STD,8,TX,00 00 00 00 00 00 00 00
904,19:54:17.831,0x7DF,STD,8,TX,00 00 00 00 00 00 00 00
905,19:54:17.842,0x7DF,STD,8,TX,00 00 00 00 00 00 00 00
906,19:54:17.853,0x7DF,STD,8,TX,00 00 00 00 00 00 00 00
907,19:54:17.863,0x7DF,STD,8,TX,00 00 00 00 00 00 00 00
908,19:54:17.875,0x7DF,STD,8,TX,00 00 00 00 00 00 00 00
909,19:54:17.886,0x7DF,STD,8,TX,00 00 00 00 00 00 00 00
910,19:54:17.897,0x7DF,STD,8,TX,00 00 00 00 00 00 00 00
911,19:54:17.908,0x7DF,STD,8,TX,00 00 00 00 00 00 00 00
912,19:54:17.919,0x7DF,STD,8,TX,00 00 00 00 00 00 00 00
913,19:54:17.930,0x7DF,STD,8,TX,00 00 00 00 00 00 00 00
914,19:54:17.941,0x7DF,STD,8,TX,00 00 00 00 00 00 00 00
915,19:54:17.952,0x7DF,STD,8,TX,00 00 00 00 00 00 00 00
916,19:54:17.963,0x7DF,STD,8,TX,00 00 00 00 00 00 00 00
917,19:54:17.974,0x7DF,STD,8,TX,00 00 00 00 00 00 00 00
918,19:54:17.984,0x7DF,STD,8,TX,00 00 00 00 00 00 00 00
919,19:54:17.985,0x7DF,STD,8,RX,00 00 00 00 00 00 00 00
920,19:54:17.985,0x7DF,STD,8,RX,00 00 00 00 00 00 00 00
921,19:54:17.986,0x7DF,STD,8,RX,00 00 00 00 00 00 00 00
922,19:54:17.986,0x7DF,STD,8,RX,00 00 00 00 00 00 00 00
923,19:54:17.986,0x7DF,STD,8,RX,00 00 00 00 00 00 00 00
924,19:54:17.987,0x7DF,STD,8,RX,00 00 00 00 00 00 00 00
925,19:54:17.987,0x7DF,STD,8,RX,00 00 00 00 00 00 00 00
926,19:54:17.987,0x7DF,STD,8,RX,00 00 00 00 00 00 00 00
927,19:54:17.988,0x7DF,STD,8,RX,00 00 00 00 00 00 00 00
928,19:54:17.988,0x7DF,STD,8,RX,00 00 00 00 00 00 00 00
929,19:54:17.988,0x7DF,STD,8,RX,00 00 00 00 00 00 00 00
930,19:54:17.989,0x7DF,STD,8,RX,00 00 00 00 00 00 00 00
931,19:54:17.989,0x7DF,STD,8,RX,00 00 00 00 00 00 00 00
932,19:54:17.989,0x7DF,STD,8,RX,00 00 00 00 00 00 00 00
933,19:54:17.990,0x7DF,STD,8,RX,00 00 00 00 00 00 00 00
934,19:54:17.990,0x7DF,STD,8,RX,00 00 00 00 00 00 00 00
935,19:54:17.991,0x7DF,STD,8,RX,00 00 00 00 00 00 00 00
936,19:54:17.991,0x7DF,STD,8,RX,00 00 00 00 00 00 00 00
937,19:54:18.001,0x7DF,STD,8,TX,00 00 00 00 00 00 00 00
938,19:54:18.012,0x7DF,STD,8,TX,00 00 00 00 00 00 00 00
939,19:54:18.023,0x7DF,STD,8,TX,00 00 00 00 00 00 00 00
940,19:54:18.034,0x7DF,STD,8,TX,00 00 00 00 00 00 00 00
941,19:54:18.045,0x7DF,STD,8,TX,00 00 00 00 00 00 00 00
942,19:54:18.056,0x7DF,STD,8,TX,00 00 00 00 00 00 00 00
943,19:54:18.066,0x7DF,STD,8,TX,00 00 00 00 00 00 00 00
944,19:54:18.077,0x7DF,STD,8,TX,00 00 00 00 00 00 00 00
945,19:54:18.088,0x7DF,STD,8,TX,00 00 00 00 00 00 00 00
946,19:54:18.099,0x7DF,STD,8,TX,00 00 00 00 00 00 00 00
947,19:54:18.110,0x7DF,STD,8,TX,00 00 00 00 00 00 00 00
948,19:54:18.121,0x7DF,STD,8,TX,00 00 00 00 00 00 00 00
949,19:54:18.131,0x7DF,STD,8,TX,00 00 00 00 00 00 00 00
950,19:54:18.142,0x7DF,STD,8,TX,00 00 00 00 00 00 00 00
951,19:54:18.153,0x7DF,STD,8,TX,00 00 00 00 00 00 00 00
952,19:54:18.164,0x7DF,STD,8,TX,00 00 00 00 00 00 00 00
953,19:54:18.174,0x7DF,STD,8,TX,00 00 00 00 00 00 00 00
954,19:54:18.187,0x7DF,STD,8,TX,00 00 00 00 00 00 00 00
955,19:54:18.197,0x7DF,STD,8,RX,00 00 00 00 00 00 00 00
956,19:54:18.198,0x7DF,STD,8,RX,00 00 00 00 00 00 00 00
957,19:54:18.199,0x7DF,STD,8,RX,00 00 00 00 00 00 00 00
958,19:54:18.199,0x7DF,STD,8,RX,00 00 00 00 00 00 00 00
959,19:54:18.199,0x7DF,STD,8,RX,00 00 00 00 00 00 00 00
960,19:54:18.199,0x7DF,STD,8,RX,00 00 00 00 00 00 00 00
961,19:54:18.200,0x7DF,STD,8,RX,00 00 00 00 00 00 00 00
962,19:54:18.200,0x7DF,STD,8,RX,00 00 00 00 00 00 00 00
963,19:54:18.200,0x7DF,STD,8,RX,00 00 00 00 00 00 00 00
964,19:54:18.201,0x7DF,STD,8,RX,00 00 00 00 00 00 00 00
965,19:54:18.201,0x7DF,STD,8,RX,00 00 00 00 00 00 00 00
966,19:54:18.202,0x7DF,STD,8,RX,00 00 00 00 00 00 00 00
967,19:54:18.202,0x7DF,STD,8,RX,00 00 00 00 00 00 00 00
968,19:54:18.203,0x7DF,STD,8,RX,00 00 00 00 00 00 00 00
969,19:54:18.203,0x7DF,STD,8,RX,00 00 00 00 00 00 00 00
970,19:54:18.203,0x7DF,STD,8,RX,00 00 00 00 00 00 00 00
971,19:54:18.204,0x7DF,STD,8,RX,00 00 00 00 00 00 00 00
972,19:54:18.204,0x7DF,STD,8,RX,00 00 00 00 00 00 00 00
973,19:54:18.204,0x7DF,STD,8,RX,00 00 00 00 00 00 00 00
974,19:54:18.205,0x7DF,STD,8,TX,00 00 00 00 00 00 00 00
975,19:54:18.216,0x7DF,STD,8,TX,00 00 00 00 00 00 00 00
976,19:54:18.226,0x7DF,STD,8,TX,00 00 00 00 00 00 00 00
977,19:54:18.237,0x7DF,STD,8,TX,00 00 00 00 00 00 00 00
978,19:54:18.248,0x7DF,STD,8,TX,00 00 00 00 00 00 00 00
979,19:54:18.260,0x7DF,STD,8,TX,00 00 00 00 00 00 00 00
980,19:54:18.271,0x7DF,STD,8,TX,00 00 00 00 00 00 00 00
981,19:54:18.281,0x7DF,STD,8,TX,00 00 00 00 00 00 00 00
982,19:54:18.292,0x7DF,STD,8,TX,00 00 00 00 00 00 00 00
983,19:54:18.303,0x7DF,STD,8,TX,00 00 00 00 00 00 00 00
984,19:54:18.316,0x7DF,STD,8,TX,00 00 00 00 00 00 00 00
985,19:54:18.329,0x7DF,STD,8,TX,00 00 00 00 00 00 00 00
986,19:54:18.340,0x7DF,STD,8,TX,00 00 00 00 00 00 00 00
987,19:54:18.351,0x7DF,STD,8,TX,00 00 00 00 00 00 00 00
988,19:54:18.361,0x7DF,STD,8,TX,00 00 00 00 00 00 00 00
989,19:54:18.372,0x7DF,STD,8,TX,00 00 00 00 00 00 00 00
990,19:54:18.384,0x7DF,STD,8,TX,00 00 00 00 00 00 00 00
991,19:54:18.395,0x7DF,STD,8,TX,00 00 00 00 00 00 00 00
992,19:54:18.406,0x7DF,STD,8,RX,00 00 00 00 00 00 00 00
993,19:54:18.406,0x7DF,STD,8,RX,00 00 00 00 00 00 00 00
994,19:54:18.407,0x7DF,STD,8,RX,00 00 00 00 00 00 00 00
995,19:54:18.408,0x7DF,STD,8,RX,00 00 00 00 00 00 00 00
996,19:54:18.408,0x7DF,STD,8,RX,00 00 00 00 00 00 00 00
997,19:54:18.408,0x7DF,STD,8,RX,00 00 00 00 00 00 00 00
998,19:54:18.409,0x7DF,STD,8,RX,00 00 00 00 00 00 00 00
999,19:54:18.409,0x7DF,STD,8,RX,00 00 00 00 00 00 00 00
1000,19:54:18.409,0x7DF,STD,8,RX,00 00 00 00 00 00 00 00
1001,19:54:18.426,0x7DF,STD,8,RX,00 00 00 00 00 00 00 00
